kaltmiete_listing,overpriced,floor,furnished,num_photos,total_floors,building_age_years,listing_date,wg_typ,year_built,priority_score,num_rooms,plz,balcony,days_online,living_area_m2,stadtteil,living_area_text,energieausweis,dist_uni_km,contact_type,heating_type,kitchen,dist_uni_min,elevator,clicks_last_week,listing_id,nebenkosten_eur
325 €,False,2. OG,teilmöbliert,16,2,126,08.05.2026,gemischt,1900,7,3.0,93051,nein,52,21.2,Königswiesen,21.2 m2,A+,7.5,Genossenschaft,Nachtspeicher,Pantry,30,ja,211,INS-2026-49534,57
335 €,True,3. OG,möbliert,10,2,105,04.04.2026,gemischt,1921,9,2.0,93055,ja,71,18.8,Burgweinting,18.8 m2,A+,10.8,Makler,Gasetagenheizung,Einbauküche,44,nein,52,INS-2026-39524,126
491 warm,False,EG,unmöbliert,10,2,50,18.03.2026,Studenten-WG,1976,5,1.0,93053,ja,40,16.3,Galgenberg,16.3 m2,E,10.7,Privat,Gasetagenheizung,Einbauküche,43,nein,65,INS-2026-45414,157
373 €,False,2. OG,unmöbliert,10,2,18,19.04.2026,Studenten-WG,2008,6,3.0,93059,nein,23,20.4,Stadtamhof,"20,4 qm",E,10.9,Privat,Fernwärme,Einbauküche,44,nein,227,INS-2026-36290,164
328,False,EG,teilmöbliert,10,4,35,16.02.2026,Studenten-WG,1991,7,3.0,93049,nein,71,22.5,Karthaus-Prüll,22 m²,D,9.4,Privat,Zentralheizung,Einbauküche,37,nein,94,INS-2026-68392,149
"301,00 EUR",True,Souterrain,teilmöbliert,21,1,15,22.05.2026,Frauen-WG,2011,4,2.0,93051,ja,51,20.6,Dechbetten,20.6 m2,A+,1.8,Privat,Nachtspeicher,Pantry,7,ja,114,INS-2026-90560,83
339,True,DG,unmöbliert,14,2,84,04.01.2026,Frauen-WG,1942,8,2.0,93059,ja,7,17.7,Reinhausen,18 m²,A+,3.4,Makler,Öl,Einbauküche,14,ja,125,INS-2026-87234,74
467 warm,False,DG,unmöbliert,15,2,4,13.02.2026,gemischt,2022,8,3.0,93053,nein,52,21.7,Kasernenviertel,"21,7 qm",D,4.3,Privat,Gasetagenheizung,Einbauküche,17,nein,220,INS-2026-90121,85
345 warm,False,DG,unmöbliert,6,2,30,17.02.2026,Männer-WG,1996,10,3.0,93055,nein,61,15.1,Burgweinting,15 m²,D,6.2,Privat,Gasetagenheizung,Pantry,24,ja,185,INS-2026-70439,132
306 €,False,2. OG,unmöbliert,8,4,101,22.04.2026,Frauen-WG,1925,7,1.0,93049,nein,18,17.7,Westenviertel,18 m²,A,8.6,Privat,Gasetagenheizung,keine,35,nein,297,INS-2026-92509,103
304 warm,False,4. OG,unmöbliert,7,3,18,14.02.2026,Frauen-WG,2008,1,3.0,93059,nein,81,16.7,Reinhausen,"16,7 qm",B,3.7,Makler,Pellet,keine,15,ja,245,INS-2026-88922,56
414,True,4. OG,unmöbliert,19,7,123,18.04.2026,gemischt,1903,3,1.0,93053,ja,80,17.8,Galgenberg,"17,8 qm",G,1.7,Privat,Fernwärme,Pantry,7,nein,93,INS-2026-73501,150
"320,00 EUR",True,EG,teilmöbliert,18,1,92,19.03.2026,Studenten-WG,1934,3,2.0,93055,nein,76,21.0,Burgweinting,21 m²,F,2.4,Makler,Zentralheizung,Pantry,11,nein,98,INS-2026-60231,83
317 €,True,1. OG,möbliert,14,6,52,21.01.2026,Studenten-WG,1974,4,2.0,93053,ja,50,13.5,Kasernenviertel,13.5 m2,C,10.1,Makler,Zentralheizung,Pantry,41,nein,237,INS-2026-25738,98
"648,00 EUR",True,1. OG,möbliert,15,7,104,22.04.2026,gemischt,1922,5,2.0,93047,ja,24,22.1,Innenstadt,"22,1 qm",E,10.6,Privat,Zentralheizung,Pantry,42,nein,128,INS-2026-64187,162
316,True,4. OG,möbliert,5,4,76,19.03.2026,gemischt,1950,4,1.5,93053,nein,59,15.2,Galgenberg,15 m²,F,7.5,Makler,Fernwärme,Einbauküche,30,ja,280,INS-2026-77464,128
210,False,1. OG,unmöbliert,12,3,57,12.05.2026,gemischt,1969,10,2.0,93051,nein,4,15.6,Königswiesen,"15,6 qm",F,9.1,Makler,Gasetagenheizung,Einbauküche,37,ja,42,INS-2026-42317,110
604 kalt,False,1. OG,unmöbliert,18,4,85,02.05.2026,Frauen-WG,1941,9,2.0,93051,ja,83,34.0,Kumpfmühl,"34,0 qm",B,9.8,Privat,Fernwärme,keine,39,nein,206,INS-2026-42831,93
309,False,1. OG,teilmöbliert,10,1,50,18.01.2026,gemischt,1976,3,3.0,93051,ja,46,23.4,Ziegetsdorf,23 m²,G,4.7,Genossenschaft,Zentralheizung,Einbauküche,19,nein,138,INS-2026-85550,178
246 €,False,EG,unmöbliert,10,3,47,15.03.2026,gemischt,1979,7,1.0,93051,nein,30,22.7,Ziegetsdorf,"22,7 qm",G,10.7,Privat,Nachtspeicher,keine,43,ja,122,INS-2026-94749,108
334 kalt,False,3. OG,unmöbliert,2,3,78,20.02.2026,Berufstätigen-WG,1948,2,3.0,93051,nein,5,26.6,Königswiesen,26.6 m2,E,8.0,Privat,Nachtspeicher,Pantry,32,ja,31,INS-2026-17634,112
567 €,False,1. OG,unmöbliert,4,4,112,22.01.2026,Männer-WG,1914,8,2.0,93047,ja,22,24.6,Innenstadt,"24,6 qm",E,9.5,Privat,Öl,Einbauküche,38,ja,110,INS-2026-60054,102
262,False,2. OG,unmöbliert,23,5,26,22.06.2026,Berufstätigen-WG,2000,1,3.0,93055,nein,87,19.3,Burgweinting,19.3 m2,A,4.6,Privat,Gasetagenheizung,Einbauküche,18,nein,155,INS-2026-81818,123
362 warm,False,2. OG,unmöbliert,9,6,26,08.01.2026,gemischt,2000,3,1.5,93053,ja,13,13.9,Galgenberg,"13,9 qm",D,11.1,Makler,Öl,Einbauküche,44,ja,181,INS-2026-40139,100
463,True,Souterrain,möbliert,15,4,9,11.06.2026,gemischt,2017,3,3.0,93051,ja,24,21.9,Kumpfmühl,22 m²,C,5.0,Privat,Öl,Einbauküche,20,ja,9,INS-2026-40074,134
336,False,EG,teilmöbliert,8,4,109,17.02.2026,Studenten-WG,1917,1,2.0,93051,ja,25,28.0,Dechbetten,"28,0 qm",C,9.8,Makler,Nachtspeicher,Pantry,38,ja,24,INS-2026-73174,73
432 €,False,2. OG,unmöbliert,6,4,63,17.01.2026,gemischt,1963,4,2.0,93051,ja,44,22.9,Kumpfmühl,"22,9 qm",D,2.5,Makler,Zentralheizung,Pantry,10,nein,89,INS-2026-79166,58
"220,00 EUR",False,Souterrain,unmöbliert,11,6,122,29.04.2026,gemischt,1904,7,2.0,93053,nein,13,12.4,Galgenberg,"12,4 qm",F,8.4,Privat,Zentralheizung,Einbauküche,33,nein,18,INS-2026-94468,153
"454,00 EUR",True,4. OG,möbliert,10,5,76,12.03.2026,Studenten-WG,1950,2,1.0,93049,nein,14,20.1,Westenviertel,20.1 m2,A,7.2,Makler,Zentralheizung,Einbauküche,29,ja,130,INS-2026-48229,98
162,False,EG,teilmöbliert,25,1,12,14.01.2026,Studenten-WG,2014,2,3.0,93049,ja,20,11.8,Großprüfening,11.8 m2,A,10.5,Privat,Fernwärme,Einbauküche,42,ja,275,INS-2026-53775,76
453,True,2. OG,unmöbliert,19,5,35,29.06.2026,Frauen-WG,1991,10,1.0,93051,ja,21,22.4,Kumpfmühl,"22,4 qm",C,8.1,Privat,Öl,Einbauküche,33,nein,245,INS-2026-89371,125
420 warm,False,EG,unmöbliert,4,1,71,15.04.2026,Berufstätigen-WG,1955,6,2.5,93055,nein,86,26.3,Ostenviertel,26.3 m2,E,4.9,Genossenschaft,Gasetagenheizung,Einbauküche,19,ja,22,INS-2026-20237,63
504 warm,True,EG,teilmöbliert,3,3,2,03.05.2026,gemischt,2024,9,2.0,93055,nein,65,20.8,Burgweinting,21 m²,G,4.5,Makler,Fernwärme,Pantry,18,ja,202,INS-2026-88818,163
"238,00 EUR",False,3. OG,unmöbliert,8,2,68,31.03.2026,Studenten-WG,1958,3,2.0,93051,ja,5,17.8,Ziegetsdorf,18 m²,B,4.6,Makler,Zentralheizung,Einbauküche,19,nein,299,INS-2026-67244,117
364 warm,True,2. OG,teilmöbliert,12,5,77,09.04.2026,Studenten-WG,1949,2,1.0,93049,nein,14,17.8,Karthaus-Prüll,"17,8 qm",C,9.8,Genossenschaft,Gasetagenheizung,Einbauküche,39,nein,98,INS-2026-42444,50
425,False,4. OG,unmöbliert,13,2,101,16.03.2026,Berufstätigen-WG,1925,10,2.0,93053,nein,21,22.0,Kasernenviertel,22.0 m2,E,9.3,Privat,Gasetagenheizung,Einbauküche,36,nein,123,INS-2026-95167,70
219 €,False,DG,teilmöbliert,24,2,91,04.05.2026,Berufstätigen-WG,1935,10,2.0,93053,ja,22,12.2,Kasernenviertel,12.2 m2,A,6.0,Privat,Gasetagenheizung,keine,24,nein,251,INS-2026-19691,73
223 €,True,2. OG,unmöbliert,14,5,25,31.01.2026,Studenten-WG,2001,2,2.0,93051,nein,34,11.5,Kumpfmühl,"11,5 qm",D,1.4,Makler,Zentralheizung,Einbauküche,6,nein,140,INS-2026-67807,68
359 €,True,EG,teilmöbliert,14,7,8,09.06.2026,Frauen-WG,2018,1,2.0,93051,nein,40,23.1,Ziegetsdorf,"23,1 qm",D,5.0,Privat,Fernwärme,Einbauküche,19,ja,153,INS-2026-70756,150
Kaltmiete: 214 €,False,DG,unmöbliert,3,7,101,11.03.2026,Berufstätigen-WG,1925,1,3.0,93049,nein,64,20.0,Großprüfening,"20,0 qm",C,6.9,Privat,Gasetagenheizung,Pantry,27,nein,198,INS-2026-49662,116
549 warm,False,DG,möbliert,17,1,126,25.05.2026,Studenten-WG,1900,9,2.0,93047,ja,1,19.8,Innenstadt,"19,8 qm",B,10.0,Makler,Nachtspeicher,Einbauküche,40,nein,275,INS-2026-43286,116
292,False,DG,unmöbliert,15,3,17,28.04.2026,Frauen-WG,2009,2,1.5,93053,nein,64,18.3,Galgenberg,"18,3 qm",E,9.9,Privat,Öl,Einbauküche,40,nein,248,INS-2026-74753,142
Kaltmiete: 331 €,True,EG,möbliert,16,3,21,17.04.2026,gemischt,2005,4,2.0,93053,ja,41,14.7,Galgenberg,"14,7 qm",A,5.0,Genossenschaft,Pellet,Pantry,20,ja,235,INS-2026-90964,99
"237,00 EUR",False,3. OG,unmöbliert,4,5,102,15.04.2026,Studenten-WG,1924,6,2.0,93055,nein,18,14.8,Ostenviertel,15 m²,A+,9.6,Privat,Zentralheizung,Einbauküche,38,nein,279,INS-2026-38309,49
305,False,EG,unmöbliert,25,5,119,25.01.2026,Berufstätigen-WG,1907,3,2.5,93051,nein,55,22.3,Königswiesen,22 m²,F,10.0,Privat,Zentralheizung,keine,39,ja,57,INS-2026-55567,144
503 €,True,2. OG,teilmöbliert,11,4,122,31.01.2026,Studenten-WG,1904,6,2.0,93049,ja,30,24.6,Karthaus-Prüll,24.6 m2,C,1.1,Makler,Nachtspeicher,Einbauküche,5,nein,177,INS-2026-51272,65
"271,00 EUR",False,Souterrain,möbliert,23,1,18,06.05.2026,gemischt,2008,1,3.0,93051,ja,39,21.2,Dechbetten,21 m²,A,7.0,Privat,Gasetagenheizung,Einbauküche,28,ja,235,INS-2026-41643,91
Kaltmiete: 400 €,False,EG,teilmöbliert,19,4,77,22.03.2026,gemischt,1949,2,3.0,93053,nein,60,19.7,Galgenberg,20 m²,C,1.7,Privat,Nachtspeicher,Einbauküche,6,nein,259,INS-2026-46101,55
364 warm,False,Souterrain,unmöbliert,24,4,51,04.02.2026,Berufstätigen-WG,1975,4,2.0,93049,ja,20,18.7,Karthaus-Prüll,19 m²,E,10.6,Genossenschaft,Öl,Einbauküche,42,nein,160,INS-2026-14321,125
"342,00 EUR",True,EG,möbliert,2,7,61,15.02.2026,Studenten-WG,1965,4,2.0,93055,nein,67,19.7,Ostenviertel,20 m²,A+,4.2,Privat,Fernwärme,Einbauküche,17,ja,264,INS-2026-72966,73
459,True,2. OG,möbliert,15,3,26,21.05.2026,Berufstätigen-WG,2000,7,1.5,93051,ja,22,22.3,Königswiesen,"22,3 qm",B,7.5,Makler,Nachtspeicher,Pantry,29,ja,194,INS-2026-63737,78
Kaltmiete: 142 €,False,DG,teilmöbliert,5,4,72,22.06.2026,Männer-WG,1954,2,1.5,93055,nein,16,12.9,Burgweinting,13 m²,G,4.8,Privat,Gasetagenheizung,keine,19,nein,135,INS-2026-75500,78
222 €,False,2. OG,unmöbliert,3,1,33,13.03.2026,Studenten-WG,1993,1,2.0,93051,nein,58,14.9,Kumpfmühl,"14,9 qm",A,6.0,Genossenschaft,Nachtspeicher,keine,25,nein,203,INS-2026-63674,62
30,True,1. OG,unmöbliert,17,1,101,05.01.2026,Berufstätigen-WG,1925,9,2.0,93055,nein,11,20.2,Burgweinting,20 m²,C,6.7,Makler,Pellet,keine,27,nein,217,INS-2026-34596,70
"462,00 EUR",True,3. OG,möbliert,10,1,63,02.02.2026,Berufstätigen-WG,1963,1,1.0,93049,ja,26,23.4,Großprüfening,"23,4 qm",D,7.7,Privat,Fernwärme,Einbauküche,30,ja,113,INS-2026-32844,97
487 warm,False,3. OG,unmöbliert,24,4,48,06.02.2026,gemischt,1978,2,1.0,93049,ja,42,24.2,Großprüfening,"24,2 qm",D,7.4,Privat,Gasetagenheizung,Einbauküche,29,ja,212,INS-2026-70583,139
"518,00 EUR",True,EG,unmöbliert,15,5,22,12.04.2026,Studenten-WG,2004,6,1.0,93047,ja,74,20.3,Innenstadt,20.3 m2,G,2.2,Privat,Zentralheizung,keine,9,ja,12,INS-2026-87206,97
"334,00 EUR",False,1. OG,möbliert,14,7,113,10.01.2026,gemischt,1913,3,3.0,93053,nein,20,17.7,Kasernenviertel,"17,7 qm",E,8.7,Privat,Öl,Pantry,36,ja,19,INS-2026-79694,129
331 €,False,2. OG,unmöbliert,23,6,98,10.06.2026,gemischt,1928,10,2.5,93059,nein,62,15.3,Stadtamhof,"15,3 qm",E,1.2,Makler,Zentralheizung,keine,5,nein,149,INS-2026-54611,163
"133,00 EUR",False,3. OG,unmöbliert,19,1,41,28.01.2026,Frauen-WG,1985,6,3.0,93051,nein,6,15.0,Ziegetsdorf,15 m²,G,7.6,Privat,Nachtspeicher,keine,31,ja,208,INS-2026-90116,145
767 warm,False,1. OG,unmöbliert,23,6,42,17.04.2026,Frauen-WG,1984,8,2.5,93053,nein,43,30.4,Kasernenviertel,30 m²,H,2.5,Makler,Zentralheizung,Einbauküche,10,nein,191,INS-2026-32737,175
318 €,False,1. OG,teilmöbliert,23,2,57,07.02.2026,Studenten-WG,1969,3,2.5,93049,nein,25,20.4,Westenviertel,20.4 m2,B,6.3,Makler,Zentralheizung,Pantry,25,nein,169,INS-2026-28543,112
567 warm,True,2. OG,möbliert,19,2,29,08.02.2026,Studenten-WG,1997,6,2.0,93053,ja,9,19.2,Kasernenviertel,19.2 m2,C,6.0,Makler,Fernwärme,keine,23,ja,180,INS-2026-86093,107
"439,00 EUR",True,DG,teilmöbliert,7,6,64,05.04.2026,gemischt,1962,4,1.0,93055,nein,63,26.7,Ostenviertel,"26,7 qm",E,6.9,Makler,Zentralheizung,keine,26,ja,56,INS-2026-67017,66
349 €,True,2. OG,unmöbliert,21,6,35,16.06.2026,gemischt,1991,8,2.0,93051,ja,2,20.3,Königswiesen,20 m²,A+,4.4,Genossenschaft,Öl,Einbauküche,18,nein,8,INS-2026-66539,101
352 €,False,2. OG,unmöbliert,21,5,68,22.04.2026,gemischt,1958,1,1.0,93055,nein,76,25.0,Ostenviertel,25 m²,B,7.2,Makler,Öl,Einbauküche,29,ja,103,INS-2026-95372,88
489 warm,True,2. OG,teilmöbliert,20,3,60,15.02.2026,Frauen-WG,1966,2,1.5,93051,ja,47,21.1,Kumpfmühl,"21,1 qm",E,3.4,Makler,Fernwärme,Einbauküche,13,nein,239,INS-2026-94312,62
"340,00 EUR",True,2. OG,teilmöbliert,2,4,115,24.06.2026,gemischt,1911,7,1.5,93051,nein,89,16.0,Königswiesen,16 m²,G,2.7,Genossenschaft,Zentralheizung,Pantry,10,ja,229,INS-2026-39718,81
447,True,1. OG,unmöbliert,8,4,112,22.04.2026,Studenten-WG,1914,6,2.0,93051,ja,53,22.1,Kumpfmühl,"22,1 qm",D,1.5,Privat,Öl,Einbauküche,6,ja,103,INS-2026-87842,113
297 €,True,EG,möbliert,14,6,91,15.02.2026,gemischt,1935,7,1.0,93059,ja,47,16.4,Reinhausen,16.4 m2,E,6.1,Privat,Gasetagenheizung,Einbauküche,23,nein,24,INS-2026-93971,144
"367,00 EUR",False,Souterrain,unmöbliert,17,3,74,16.03.2026,gemischt,1952,5,3.0,93051,ja,23,27.9,Kumpfmühl,27.9 m2,C,9.4,Privat,Zentralheizung,Einbauküche,37,nein,235,INS-2026-64921,123
419,True,1. OG,möbliert,2,3,45,09.02.2026,gemischt,1981,1,2.0,93059,ja,12,15.7,Stadtamhof,16 m²,D,8.9,Makler,Fernwärme,Einbauküche,35,nein,141,INS-2026-73588,97
865 €,True,2. OG,möbliert,15,7,26,16.04.2026,Studenten-WG,2000,10,1.0,93053,nein,57,31.0,Galgenberg,31.0 m2,B,2.9,Privat,Gasetagenheizung,Einbauküche,11,nein,107,INS-2026-64574,66
378,True,1. OG,unmöbliert,23,3,90,17.02.2026,Frauen-WG,1936,1,1.0,93059,nein,75,18.3,Reinhausen,"18,3 qm",B,2.7,Makler,Gasetagenheizung,Einbauküche,11,nein,116,INS-2026-69410,74
Kaltmiete: 581 €,True,1. OG,unmöbliert,13,2,112,28.03.2026,Studenten-WG,1914,5,2.0,93047,ja,57,21.7,Innenstadt,21.7 m2,A,5.7,Makler,Fernwärme,Einbauküche,24,ja,7,INS-2026-83396,87
259 €,True,2. OG,möbliert,12,6,21,08.05.2026,gemischt,2005,2,3.0,93055,ja,62,13.7,Ostenviertel,14 m²,D,11.1,Privat,Pellet,Einbauküche,44,ja,21,INS-2026-94437,148
472 warm,True,1. OG,unmöbliert,7,5,106,01.06.2026,Berufstätigen-WG,1920,7,2.0,93051,nein,78,19.3,Königswiesen,"19,3 qm",F,5.7,Privat,Gasetagenheizung,Einbauküche,23,nein,230,INS-2026-54269,123
"422,00 EUR",True,2. OG,möbliert,24,6,35,10.03.2026,gemischt,1991,1,2.0,93047,ja,47,15.6,Innenstadt,15.6 m2,H,9.5,Privat,Öl,Pantry,38,nein,265,INS-2026-20652,187
195,False,1. OG,teilmöbliert,3,1,23,15.01.2026,gemischt,2003,4,3.0,93051,nein,12,13.3,Kumpfmühl,13 m²,E,9.5,Privat,Nachtspeicher,Pantry,38,nein,242,INS-2026-17662,118
343,False,3. OG,unmöbliert,12,4,28,12.01.2026,Berufstätigen-WG,1998,1,2.0,93047,nein,75,16.0,Innenstadt,"16,0 qm",B,7.9,Privat,Gasetagenheizung,Pantry,32,nein,173,INS-2026-23805,77
397 kalt,True,2. OG,unmöbliert,5,7,14,19.03.2026,Berufstätigen-WG,2012,10,1.0,93053,nein,20,18.2,Galgenberg,"18,2 qm",E,5.8,Makler,Pellet,Pantry,24,nein,204,INS-2026-51615,150
280 €,True,1. OG,möbliert,14,3,105,01.02.2026,Frauen-WG,1921,7,3.0,93055,nein,28,13.4,Ostenviertel,13 m²,D,2.2,Privat,Zentralheizung,Pantry,9,nein,117,INS-2026-90465,141
315 €,False,2. OG,unmöbliert,22,6,2,15.02.2026,Studenten-WG,2024,4,3.0,93049,nein,37,18.6,Westenviertel,"18,6 qm",C,8.9,Privat,Zentralheizung,Einbauküche,36,ja,266,INS-2026-81804,119
287 €,False,DG,unmöbliert,14,1,73,24.02.2026,gemischt,1953,7,1.0,93051,nein,82,22.4,Königswiesen,"22,4 qm",D,6.9,Privat,Zentralheizung,Einbauküche,27,nein,187,INS-2026-14281,99
"500,00 EUR",False,EG,unmöbliert,10,3,92,24.05.2026,gemischt,1934,5,1.5,93053,ja,12,25.2,Galgenberg,25 m²,E,6.7,Makler,Pellet,Pantry,28,ja,226,INS-2026-88633,144
488 warm,False,2. OG,teilmöbliert,15,7,71,07.06.2026,gemischt,1955,5,2.0,93055,nein,8,22.3,Ostenviertel,"22,3 qm",D,7.2,Privat,Zentralheizung,Pantry,29,nein,116,INS-2026-40165,161
401 warm,True,4. OG,möbliert,23,6,24,07.06.2026,Frauen-WG,2002,6,1.0,93055,nein,18,21.5,Burgweinting,21.5 m2,B,3.8,Genossenschaft,Öl,Pantry,15,nein,278,INS-2026-72300,72
290 kalt,True,1. OG,unmöbliert,12,4,17,04.05.2026,gemischt,2009,5,1.5,93051,ja,14,16.1,Ziegetsdorf,16 m²,B,1.5,Genossenschaft,Fernwärme,Pantry,6,nein,122,INS-2026-63855,84
390 warm,True,2. OG,teilmöbliert,5,5,25,21.04.2026,Studenten-WG,2001,3,2.5,93059,nein,18,12.8,Stadtamhof,12.8 m2,A+,7.8,Makler,Fernwärme,Pantry,31,nein,31,INS-2026-26987,92
451 €,True,EG,möbliert,7,3,26,29.03.2026,Frauen-WG,2000,4,2.5,93051,ja,61,21.6,Kumpfmühl,"21,6 qm",E,8.4,Privat,Fernwärme,Pantry,33,ja,208,INS-2026-90797,111
480,True,1. OG,unmöbliert,17,6,30,23.05.2026,Studenten-WG,1996,8,1.0,93051,ja,75,21.1,Kumpfmühl,"21,1 qm",E,3.6,Privat,Zentralheizung,Pantry,14,nein,131,INS-2026-92419,127
330,True,EG,teilmöbliert,5,5,42,04.06.2026,gemischt,1984,10,2.0,93051,ja,30,16.8,Kumpfmühl,16.8 m2,C,2.1,Privat,Öl,Pantry,8,nein,31,INS-2026-58068,138
309 kalt,False,EG,unmöbliert,13,1,84,14.03.2026,Studenten-WG,1942,8,2.0,93051,ja,38,19.5,Königswiesen,19.5 m2,B,4.8,Genossenschaft,Öl,Einbauküche,19,nein,243,INS-2026-16402,98
557 warm,True,EG,möbliert,4,2,43,02.01.2026,gemischt,1983,10,1.5,93055,nein,29,20.1,Ostenviertel,20.1 m2,H,6.4,Privat,Zentralheizung,Einbauküche,26,nein,95,INS-2026-34031,199
354 warm,False,2. OG,unmöbliert,25,1,71,18.01.2026,Studenten-WG,1955,9,2.0,93051,ja,87,16.5,Königswiesen,16.5 m2,B,7.2,Makler,Öl,Pantry,29,nein,169,INS-2026-94800,124
429 warm,False,2. OG,unmöbliert,12,2,81,16.05.2026,gemischt,1945,10,3.0,93053,nein,14,16.0,Kasernenviertel,16.0 m2,E,6.7,Privat,Gasetagenheizung,Pantry,27,ja,44,INS-2026-28168,164
332,False,1. OG,unmöbliert,9,7,87,11.02.2026,gemischt,1939,10,1.0,93053,nein,11,16.9,Kasernenviertel,16.9 m2,G,8.7,Makler,Gasetagenheizung,Einbauküche,34,nein,88,INS-2026-97078,166
431 €,False,EG,unmöbliert,6,3,44,14.03.2026,Studenten-WG,1982,3,2.5,93047,nein,5,18.9,Innenstadt,19 m²,D,2.4,Privat,Fernwärme,Pantry,10,nein,221,INS-2026-76154,82
373 €,True,3. OG,unmöbliert,5,7,16,12.02.2026,gemischt,2010,2,1.5,93051,ja,38,23.9,Dechbetten,23.9 m2,D,8.1,Genossenschaft,Zentralheizung,Einbauküche,32,ja,171,INS-2026-72691,78
379 warm,True,2. OG,teilmöbliert,13,5,98,29.04.2026,Berufstätigen-WG,1928,2,1.5,93051,nein,6,14.6,Dechbetten,"14,6 qm",F,5.0,Genossenschaft,Öl,Einbauküche,21,nein,79,INS-2026-21663,147
297 warm,True,3. OG,unmöbliert,2,2,98,04.02.2026,Studenten-WG,1928,1,1.0,93055,ja,52,14.3,Ostenviertel,14.3 m2,B,6.1,Privat,Nachtspeicher,Pantry,25,ja,51,INS-2026-28280,46
"267,00 EUR",True,2. OG,unmöbliert,15,2,101,31.05.2026,gemischt,1925,5,2.0,93055,ja,73,15.7,Ostenviertel,15.7 m2,C,7.0,Privat,Gasetagenheizung,Pantry,28,ja,0,INS-2026-58389,145
301 kalt,False,EG,möbliert,22,2,78,23.05.2026,Studenten-WG,1948,6,3.0,93059,ja,84,20.0,Reinhausen,20.0 m2,E,7.6,Privat,Fernwärme,keine,31,ja,215,INS-2026-73490,98
712 warm,True,Souterrain,unmöbliert,12,5,116,15.03.2026,Männer-WG,1910,5,2.0,93051,nein,40,28.0,Kumpfmühl,28.0 m2,D,1.0,Privat,Pellet,Einbauküche,5,ja,140,INS-2026-78011,136
"275,00 EUR",True,1. OG,teilmöbliert,13,2,31,06.02.2026,Frauen-WG,1995,7,2.5,93049,ja,63,14.9,Westenviertel,15 m²,F,6.2,Privat,Öl,Einbauküche,24,nein,187,INS-2026-39800,113
"485,00 EUR",False,2. OG,möbliert,11,1,58,31.03.2026,gemischt,1968,6,3.0,93051,nein,78,31.3,Königswiesen,"31,3 qm",D,6.8,Privat,Zentralheizung,Einbauküche,27,ja,36,INS-2026-57784,60
kalt 213€,False,1. OG,unmöbliert,19,1,92,19.01.2026,Studenten-WG,1934,6,2.0,93053,ja,13,11.0,Galgenberg,11 m²,E,3.8,Makler,Pellet,Einbauküche,14,ja,57,INS-2026-46829,109
365 €,False,EG,unmöbliert,9,7,100,19.02.2026,gemischt,1926,10,3.0,93055,nein,23,25.4,Ostenviertel,25.4 m2,C,4.1,Privat,Zentralheizung,keine,16,nein,42,INS-2026-77344,131
"377,00 EUR",True,DG,unmöbliert,21,1,21,08.01.2026,gemischt,2005,10,1.0,93051,nein,42,21.9,Königswiesen,22 m²,E,5.2,Genossenschaft,Fernwärme,Pantry,21,ja,14,INS-2026-11437,86
593 warm,True,1. OG,unmöbliert,18,3,126,29.03.2026,Berufstätigen-WG,1900,7,1.0,93053,nein,55,20.7,Kasernenviertel,"20,7 qm",B,6.4,Privat,Öl,Einbauküche,26,nein,247,INS-2026-94212,59
315,False,1. OG,teilmöbliert,9,5,67,23.03.2026,gemischt,1959,4,2.5,93047,nein,57,16.0,Innenstadt,16 m²,E,6.6,Privat,Zentralheizung,Pantry,27,nein,15,INS-2026-20968,167
295,False,DG,unmöbliert,11,4,78,25.06.2026,Frauen-WG,1948,1,2.5,93051,nein,11,19.4,Kumpfmühl,"19,4 qm",B,7.4,Makler,Pellet,Einbauküche,30,nein,217,INS-2026-30450,123
520 kalt,True,EG,unmöbliert,22,3,8,13.05.2026,Frauen-WG,2018,6,2.0,93055,ja,37,25.9,Ostenviertel,"25,9 qm",H,1.4,Genossenschaft,Fernwärme,Einbauküche,6,ja,279,INS-2026-52471,190
411 €,True,3. OG,möbliert,19,2,20,14.03.2026,gemischt,2006,1,1.0,93053,nein,5,17.4,Galgenberg,17.4 m2,D,4.3,Privat,Öl,Einbauküche,17,nein,187,INS-2026-93111,127
"327,00 EUR",False,3. OG,unmöbliert,24,5,101,10.02.2026,Männer-WG,1925,6,1.0,93049,nein,24,18.3,Westenviertel,18 m²,E,11.0,Makler,Zentralheizung,Pantry,44,nein,44,INS-2026-92837,102
"619,00 EUR",True,1. OG,unmöbliert,20,5,23,23.04.2026,gemischt,2003,2,1.0,93051,ja,9,27.9,Kumpfmühl,28 m²,D,4.3,Privat,Pellet,Pantry,18,nein,287,INS-2026-53453,123
"362,00 EUR",False,2. OG,unmöbliert,5,7,121,26.03.2026,Studenten-WG,1905,7,3.0,93053,ja,69,19.3,Kasernenviertel,19 m²,F,4.2,Privat,Nachtspeicher,Einbauküche,17,ja,48,INS-2026-13274,147
"894,00 EUR",True,EG,teilmöbliert,14,3,4,10.05.2026,Studenten-WG,2022,4,2.0,93047,ja,19,33.8,Innenstadt,34 m²,C,8.1,Makler,Gasetagenheizung,Einbauküche,33,ja,140,INS-2026-61392,82
333,True,1. OG,teilmöbliert,20,5,87,07.01.2026,Studenten-WG,1939,9,2.0,93051,nein,13,19.7,Königswiesen,"19,7 qm",D,2.3,Privat,Gasetagenheizung,Pantry,10,ja,193,INS-2026-71001,105
"384,00 EUR",False,2. OG,teilmöbliert,6,6,46,07.05.2026,Berufstätigen-WG,1980,6,2.0,93051,nein,62,25.4,Königswiesen,"25,4 qm",A+,9.4,Makler,Öl,Einbauküche,37,nein,241,INS-2026-75445,133
627 warm,False,1. OG,unmöbliert,17,1,70,20.02.2026,Studenten-WG,1956,5,2.0,93059,ja,9,31.7,Reinhausen,32 m²,H,5.6,Privat,Zentralheizung,Einbauküche,23,nein,77,INS-2026-58384,197
Kaltmiete: 398 €,True,4. OG,teilmöbliert,18,7,115,18.01.2026,Frauen-WG,1911,8,2.0,93055,nein,25,22.9,Ostenviertel,23 m²,D,10.6,Makler,Zentralheizung,keine,42,ja,227,INS-2026-93881,133
368 warm,True,3. OG,unmöbliert,3,2,45,21.03.2026,Berufstätigen-WG,1981,6,1.5,93053,ja,72,14.9,Kasernenviertel,"14,9 qm",B,10.7,Privat,Fernwärme,Pantry,43,nein,69,INS-2026-15704,71
kalt 608€,False,1. OG,teilmöbliert,18,2,21,12.06.2026,gemischt,2005,4,3.0,93047,nein,3,28.2,Innenstadt,28 m²,F,2.3,Makler,Öl,keine,9,ja,160,INS-2026-66534,185
181,False,3. OG,teilmöbliert,25,5,97,22.02.2026,Frauen-WG,1929,4,3.0,93051,ja,82,14.7,Ziegetsdorf,14.7 m2,F,10.8,Privat,Nachtspeicher,Pantry,44,ja,87,INS-2026-90421,101
666 €,True,EG,teilmöbliert,20,5,104,24.01.2026,Frauen-WG,1922,8,2.0,93059,ja,38,27.4,Stadtamhof,"27,4 qm",C,6.0,Makler,Gasetagenheizung,Pantry,23,ja,62,INS-2026-81028,91
"352,00 EUR",False,2. OG,unmöbliert,13,6,10,30.01.2026,Männer-WG,2016,1,3.0,93051,ja,71,24.5,Königswiesen,24 m²,A,9.5,Makler,Pellet,Pantry,38,nein,158,INS-2026-65192,67
235 €,True,DG,möbliert,12,5,121,06.02.2026,Studenten-WG,1905,2,1.5,93051,ja,5,12.7,Königswiesen,"12,7 qm",D,3.1,Privat,Fernwärme,Pantry,13,nein,109,INS-2026-95334,94
369,False,DG,unmöbliert,7,6,109,28.05.2026,gemischt,1917,8,3.0,93053,nein,22,21.2,Kasernenviertel,21.2 m2,B,9.0,Makler,Pellet,Einbauküche,36,nein,263,INS-2026-39423,95
454,False,3. OG,unmöbliert,20,2,123,14.06.2026,Männer-WG,1903,4,3.0,93051,nein,29,31.0,Kumpfmühl,"31,0 qm",D,7.8,Privat,Fernwärme,Pantry,30,nein,276,INS-2026-71798,116
151 €,False,DG,teilmöbliert,19,3,86,04.06.2026,Studenten-WG,1940,4,2.0,93051,nein,50,12.4,Königswiesen,12.4 m2,E,10.3,Makler,Zentralheizung,Einbauküche,41,nein,30,INS-2026-42713,128
200 €,False,3. OG,unmöbliert,19,7,65,09.03.2026,Berufstätigen-WG,1961,8,2.0,93051,nein,26,13.9,Königswiesen,13.9 m2,B,5.6,Makler,Öl,keine,22,ja,110,INS-2026-18472,57
571 warm,True,3. OG,teilmöbliert,3,5,93,06.05.2026,Männer-WG,1933,2,2.5,93049,ja,88,27.4,Karthaus-Prüll,"27,4 qm",A,5.4,Genossenschaft,Gasetagenheizung,Einbauküche,21,ja,171,INS-2026-41961,94
491 warm,True,1. OG,unmöbliert,5,6,116,18.04.2026,Studenten-WG,1910,4,1.0,93055,ja,86,16.3,Ostenviertel,16 m²,E,3.8,Makler,Öl,Einbauküche,15,nein,208,INS-2026-94931,161
"245,00 EUR",False,DG,unmöbliert,7,4,63,12.03.2026,Männer-WG,1963,1,2.0,93049,ja,21,17.9,Großprüfening,18 m²,B,2.7,Privat,Gasetagenheizung,Einbauküche,12,ja,285,INS-2026-14958,68
Kaltmiete: 222 €,False,1. OG,unmöbliert,23,7,107,09.04.2026,Frauen-WG,1919,8,2.0,93059,nein,29,14.4,Reinhausen,"14,4 qm",A+,8.6,Privat,Öl,Einbauküche,35,ja,271,INS-2026-95727,82
"184,00 EUR",False,DG,unmöbliert,9,6,70,09.02.2026,Studenten-WG,1956,6,1.5,93049,nein,16,14.4,Westenviertel,"14,4 qm",D,9.5,Privat,Gasetagenheizung,Pantry,38,nein,105,INS-2026-73823,126
228 €,True,EG,teilmöbliert,17,5,124,17.02.2026,gemischt,1902,4,1.0,93049,nein,23,14.1,Großprüfening,14.1 m2,F,9.9,Makler,Öl,Einbauküche,40,nein,220,INS-2026-66425,132
324 €,True,2. OG,möbliert,16,7,26,07.01.2026,gemischt,2000,1,2.0,93051,nein,67,16.6,Kumpfmühl,16.6 m2,D,7.8,Privat,Öl,keine,31,ja,28,INS-2026-54548,90
246 €,False,2. OG,teilmöbliert,21,4,30,10.02.2026,Studenten-WG,1996,4,3.0,93055,nein,36,18.9,Burgweinting,18.9 m2,E,5.4,Makler,Gasetagenheizung,Einbauküche,22,nein,206,INS-2026-12411,89
494 warm,True,DG,teilmöbliert,6,2,31,20.01.2026,gemischt,1995,1,2.0,93047,ja,62,14.3,Innenstadt,14.3 m2,A,3.9,Privat,Nachtspeicher,Einbauküche,15,ja,104,INS-2026-36528,65
"241,00 EUR",True,1. OG,teilmöbliert,6,1,107,27.01.2026,Studenten-WG,1919,9,2.0,93051,ja,3,15.0,Dechbetten,"15,0 qm",B,8.8,Makler,Gasetagenheizung,Einbauküche,35,nein,245,INS-2026-77620,59
406,True,DG,unmöbliert,24,3,107,19.05.2026,gemischt,1919,9,2.0,93051,ja,90,20.3,Kumpfmühl,20.3 m2,D,4.1,Privat,Nachtspeicher,Einbauküche,16,ja,173,INS-2026-13967,89
279 €,False,2. OG,teilmöbliert,9,2,47,17.06.2026,gemischt,1979,5,2.0,93053,ja,69,14.8,Galgenberg,14.8 m2,G,8.1,Privat,Fernwärme,Pantry,32,nein,256,INS-2026-23389,110
371 €,True,4. OG,unmöbliert,3,4,67,22.03.2026,Studenten-WG,1959,7,1.0,93051,ja,63,18.7,Kumpfmühl,18.7 m2,D,3.1,Privat,Öl,Einbauküche,13,ja,118,INS-2026-84153,136
457,False,DG,teilmöbliert,4,7,73,28.05.2026,gemischt,1953,10,3.0,93047,nein,84,20.9,Innenstadt,21 m²,D,7.0,Privat,Gasetagenheizung,Einbauküche,29,ja,297,INS-2026-87580,54
kalt 420€,False,DG,unmöbliert,17,1,92,06.01.2026,Berufstätigen-WG,1934,9,1.5,93053,ja,54,23.5,Kasernenviertel,24 m²,C,5.4,Privat,Gasetagenheizung,Einbauküche,21,nein,220,INS-2026-97207,92
227,True,3. OG,unmöbliert,14,2,90,29.03.2026,gemischt,1936,5,2.0,93053,ja,89,11.2,Kasernenviertel,11.2 m2,B,4.9,Privat,Öl,Einbauküche,20,ja,203,INS-2026-21766,99
"370,00 EUR",False,3. OG,teilmöbliert,3,7,38,16.04.2026,Studenten-WG,1988,8,2.0,93049,nein,29,20.6,Westenviertel,21 m²,F,2.5,Privat,Öl,keine,10,ja,9,INS-2026-18411,135
287 €,False,EG,möbliert,19,6,40,20.01.2026,gemischt,1986,4,3.0,93051,ja,6,16.3,Kumpfmühl,16.3 m2,A+,11.1,Privat,Zentralheizung,keine,44,nein,140,INS-2026-90726,109
634,True,2. OG,möbliert,19,7,9,07.04.2026,Studenten-WG,2017,3,1.5,93055,ja,73,26.8,Burgweinting,27 m²,A+,2.0,Privat,Zentralheizung,Einbauküche,8,nein,211,INS-2026-57873,86
368 €,True,3. OG,teilmöbliert,24,6,126,21.03.2026,Studenten-WG,1900,4,2.0,93053,ja,8,16.6,Galgenberg,"16,6 qm",A,5.6,Genossenschaft,Fernwärme,Einbauküche,23,nein,255,INS-2026-73152,94
230,False,Souterrain,unmöbliert,24,4,38,27.03.2026,Männer-WG,1988,9,2.0,93059,nein,63,16.1,Reinhausen,16 m²,A+,3.2,Privat,Fernwärme,Einbauküche,13,ja,88,INS-2026-44881,124
249,False,EG,unmöbliert,18,5,93,12.05.2026,gemischt,1933,2,2.0,93049,ja,78,17.3,Großprüfening,"17,3 qm",B,0.9,Privat,Zentralheizung,Einbauküche,5,ja,63,INS-2026-83826,57
274 warm,True,2. OG,unmöbliert,24,1,77,06.03.2026,Berufstätigen-WG,1949,2,1.5,93059,ja,22,12.4,Reinhausen,"12,4 qm",G,2.9,Makler,Gasetagenheizung,Pantry,12,ja,264,INS-2026-76268,65
366 warm,False,2. OG,unmöbliert,25,1,58,24.01.2026,Studenten-WG,1968,8,2.0,93053,ja,41,16.3,Galgenberg,"16,3 qm",D,7.0,Privat,Öl,keine,27,ja,1,INS-2026-11752,110
467 warm,False,EG,teilmöbliert,3,6,61,10.04.2026,Studenten-WG,1965,10,2.0,93053,ja,54,18.5,Kasernenviertel,18 m²,A,8.6,Privat,Zentralheizung,Pantry,34,nein,21,INS-2026-17690,129
411 warm,True,EG,teilmöbliert,25,4,105,21.03.2026,gemischt,1921,2,2.0,93051,nein,63,17.8,Ziegetsdorf,18 m²,F,1.5,Makler,Gasetagenheizung,Einbauküche,6,ja,18,INS-2026-23012,135
"304,00 EUR",True,2. OG,möbliert,17,6,63,07.04.2026,Frauen-WG,1963,2,2.0,93049,ja,24,18.0,Großprüfening,18 m²,C,5.1,Makler,Zentralheizung,Einbauküche,22,ja,23,INS-2026-67741,56
540,True,1. OG,möbliert,19,7,81,25.03.2026,Frauen-WG,1945,10,2.0,93049,ja,1,27.0,Westenviertel,27 m²,C,6.5,Makler,Pellet,Pantry,26,nein,237,INS-2026-66507,133
"613,00 EUR",True,3. OG,teilmöbliert,19,2,126,16.05.2026,gemischt,1900,8,1.0,93055,ja,35,27.6,Ostenviertel,"27,6 qm",D,4.1,Privat,Gasetagenheizung,Einbauküche,16,ja,124,INS-2026-36367,75
175 €,False,DG,unmöbliert,21,6,104,11.03.2026,gemischt,1922,1,2.0,93055,nein,52,13.0,Ostenviertel,13.0 m2,B,8.0,Privat,Zentralheizung,Einbauküche,32,nein,132,INS-2026-57824,80
264,False,2. OG,unmöbliert,7,1,34,30.01.2026,gemischt,1992,4,3.0,93053,ja,31,14.6,Kasernenviertel,"14,6 qm",B,5.4,Privat,Öl,Pantry,22,nein,284,INS-2026-91863,138
224,False,EG,teilmöbliert,7,7,110,20.01.2026,gemischt,1916,6,3.0,93055,ja,81,16.5,Burgweinting,"16,5 qm",H,11.4,Privat,Pellet,Pantry,45,nein,14,INS-2026-87386,199
412,False,2. OG,unmöbliert,17,7,59,10.05.2026,Studenten-WG,1967,1,2.0,93049,nein,69,27.2,Westenviertel,27.2 m2,E,9.3,Makler,Zentralheizung,Pantry,38,nein,251,INS-2026-92553,162
344,False,EG,unmöbliert,4,4,75,02.04.2026,Frauen-WG,1951,8,2.5,93051,nein,58,27.5,Königswiesen,28 m²,C,10.0,Makler,Gasetagenheizung,Pantry,39,nein,31,INS-2026-77509,77
354,False,EG,unmöbliert,7,2,25,06.02.2026,Frauen-WG,2001,10,2.0,93051,nein,81,26.4,Dechbetten,"26,4 qm",A+,5.4,Genossenschaft,Zentralheizung,Einbauküche,21,nein,211,INS-2026-57138,67
kalt 259€,False,4. OG,möbliert,16,2,66,13.05.2026,gemischt,1960,10,2.0,93051,nein,15,15.8,Kumpfmühl,"15,8 qm",D,3.1,Privat,Gasetagenheizung,Einbauküche,13,nein,179,INS-2026-24622,61
"451,00 EUR",False,DG,unmöbliert,20,7,38,17.05.2026,gemischt,1988,9,3.0,93049,nein,53,28.3,Westenviertel,28.3 m2,D,6.1,Privat,Fernwärme,Einbauküche,24,ja,88,INS-2026-49135,135
"577,00 EUR",False,1. OG,unmöbliert,23,2,63,15.03.2026,Studenten-WG,1963,3,2.0,93047,ja,33,25.7,Innenstadt,25.7 m2,D,6.0,Privat,Fernwärme,Einbauküche,24,ja,192,INS-2026-88940,56
472 warm,False,1. OG,unmöbliert,12,4,70,06.01.2026,Studenten-WG,1956,6,2.0,93047,nein,26,21.5,Innenstadt,21.5 m2,C,7.9,Makler,Gasetagenheizung,Pantry,32,nein,272,INS-2026-54770,60
643 €,True,2. OG,teilmöbliert,16,5,7,25.03.2026,gemischt,2019,6,2.0,93049,ja,68,29.7,Karthaus-Prüll,29.7 m2,D,4.9,Privat,Zentralheizung,Einbauküche,20,ja,49,INS-2026-42815,77
236 kalt,False,2. OG,unmöbliert,2,2,116,02.03.2026,Studenten-WG,1910,4,3.0,93049,ja,68,18.3,Großprüfening,18 m²,H,6.7,Makler,Fernwärme,Einbauküche,27,nein,192,INS-2026-67927,185
"276,00 EUR",False,Souterrain,unmöbliert,15,2,84,29.05.2026,Frauen-WG,1942,9,2.0,93051,nein,6,18.1,Kumpfmühl,"18,1 qm",D,3.1,Genossenschaft,Zentralheizung,Pantry,12,nein,118,INS-2026-11750,140
"368,00 EUR",True,EG,unmöbliert,6,1,32,28.06.2026,Frauen-WG,1994,9,1.0,93055,nein,52,21.4,Ostenviertel,"21,4 qm",E,6.1,Genossenschaft,Zentralheizung,Pantry,24,nein,72,INS-2026-41499,81
384 warm,False,3. OG,möbliert,18,7,71,15.01.2026,gemischt,1955,2,3.0,93053,ja,6,15.1,Galgenberg,15.1 m2,B,9.3,Privat,Öl,keine,37,ja,31,INS-2026-95235,120
364,False,3. OG,unmöbliert,21,5,114,26.03.2026,gemischt,1912,1,2.0,93055,nein,29,25.8,Burgweinting,26 m²,C,8.4,Privat,Zentralheizung,Einbauküche,34,nein,182,INS-2026-68708,139
334 warm,True,DG,unmöbliert,7,5,99,17.01.2026,gemischt,1927,1,1.0,93055,ja,17,17.4,Burgweinting,"17,4 qm",A,4.2,Privat,Zentralheizung,Einbauküche,17,nein,197,INS-2026-41076,63
383,True,1. OG,teilmöbliert,5,2,65,17.01.2026,Berufstätigen-WG,1961,4,1.0,93055,nein,70,25.5,Burgweinting,"25,5 qm",A,6.0,Privat,Öl,Einbauküche,24,nein,186,INS-2026-80262,123
489 warm,False,3. OG,unmöbliert,11,2,58,22.03.2026,gemischt,1968,5,2.0,93053,ja,7,18.8,Galgenberg,18.8 m2,F,4.3,Privat,Gasetagenheizung,Einbauküche,17,ja,271,INS-2026-61761,125
300,True,Souterrain,möbliert,23,5,67,21.02.2026,gemischt,1959,10,2.0,93049,ja,78,20.3,Großprüfening,"20,3 qm",F,3.1,Privat,Zentralheizung,Einbauküche,13,nein,207,INS-2026-17664,159
Kaltmiete: 286 €,False,1. OG,unmöbliert,15,1,61,28.03.2026,Studenten-WG,1965,1,2.0,93051,nein,48,17.7,Kumpfmühl,18 m²,D,10.4,Privat,Gasetagenheizung,Einbauküche,42,ja,59,INS-2026-64319,82
315 kalt,False,2. OG,unmöbliert,6,4,30,08.06.2026,Frauen-WG,1996,8,2.0,93055,ja,40,22.9,Burgweinting,22.9 m2,F,10.2,Privat,Öl,Einbauküche,41,ja,105,INS-2026-87701,77
239,False,4. OG,unmöbliert,22,7,77,11.04.2026,Männer-WG,1949,5,2.0,93055,ja,75,22.0,Burgweinting,22.0 m2,D,11.2,Privat,Nachtspeicher,Einbauküche,45,nein,255,INS-2026-60199,100
"217,00 EUR",True,4. OG,unmöbliert,4,7,18,22.04.2026,Studenten-WG,2008,4,2.0,93055,ja,45,12.5,Ostenviertel,"12,5 qm",F,1.8,Makler,Zentralheizung,Pantry,7,ja,203,INS-2026-68752,139
99 warm,False,DG,teilmöbliert,2,2,115,09.02.2026,Studenten-WG,1911,9,2.0,93053,nein,60,22.8,Kasernenviertel,23 m²,D,10.1,Genossenschaft,Zentralheizung,Pantry,40,nein,50,INS-2026-72722,61
357 €,False,Souterrain,unmöbliert,7,3,101,06.02.2026,Frauen-WG,1925,2,2.0,93049,nein,30,26.1,Karthaus-Prüll,26 m²,H,6.5,Privat,Pellet,keine,26,nein,195,INS-2026-24908,138
Kaltmiete: 301 €,True,3. OG,teilmöbliert,10,4,125,14.05.2026,Berufstätigen-WG,1901,4,2.0,93059,ja,67,16.7,Reinhausen,16.7 m2,D,7.6,Privat,Zentralheizung,Pantry,31,ja,152,INS-2026-70610,68
Kaltmiete: 290 €,True,4. OG,unmöbliert,11,4,123,17.03.2026,Frauen-WG,1903,7,3.0,93051,ja,90,16.1,Königswiesen,"16,1 qm",C,2.4,Makler,Gasetagenheizung,Einbauküche,10,ja,16,INS-2026-11873,68
865,True,EG,teilmöbliert,25,1,83,03.06.2026,gemischt,1943,10,2.0,93047,nein,49,34.0,Innenstadt,34 m²,A,7.1,Makler,Gasetagenheizung,Einbauküche,29,nein,280,INS-2026-31678,84
"347,00 EUR",True,4. OG,teilmöbliert,23,3,16,05.02.2026,gemischt,2010,4,3.0,93051,ja,22,21.2,Königswiesen,"21,2 qm",B,2.8,Makler,Fernwärme,Einbauküche,12,nein,216,INS-2026-12098,140
264 kalt,False,Souterrain,unmöbliert,24,2,46,23.06.2026,Studenten-WG,1980,4,3.0,93059,nein,35,19.7,Stadtamhof,19.7 m2,E,8.7,Privat,Öl,Pantry,35,nein,41,INS-2026-99436,71
232 €,False,4. OG,unmöbliert,21,7,124,29.04.2026,Studenten-WG,1902,5,2.0,93051,ja,62,18.6,Königswiesen,19 m²,D,8.5,Privat,Nachtspeicher,Pantry,33,nein,273,INS-2026-68590,79
344 €,False,DG,teilmöbliert,9,5,91,01.05.2026,Berufstätigen-WG,1935,2,2.0,93051,ja,50,26.7,Dechbetten,26.7 m2,D,1.6,Privat,Fernwärme,keine,6,nein,96,INS-2026-80774,152
705,True,2. OG,teilmöbliert,4,6,35,17.04.2026,gemischt,1991,6,1.0,93053,ja,33,26.8,Galgenberg,"26,8 qm",F,3.4,Privat,Gasetagenheizung,keine,13,ja,165,INS-2026-36870,166
374 warm,False,4. OG,teilmöbliert,22,4,97,12.06.2026,Frauen-WG,1929,6,3.0,93055,nein,30,17.3,Burgweinting,"17,3 qm",E,11.2,Privat,Gasetagenheizung,Einbauküche,45,nein,65,INS-2026-49833,151
510 €,True,2. OG,teilmöbliert,20,6,80,24.05.2026,Berufstätigen-WG,1946,9,2.0,93059,ja,22,20.5,Stadtamhof,20 m²,D,2.9,Privat,Zentralheizung,Einbauküche,12,nein,129,INS-2026-18577,125
Kaltmiete: 173 €,False,4. OG,möbliert,9,4,95,03.01.2026,gemischt,1931,9,3.0,93049,ja,8,13.8,Großprüfening,13.8 m2,D,8.1,Genossenschaft,Fernwärme,keine,32,nein,142,INS-2026-64969,135
470 warm,True,4. OG,unmöbliert,11,5,34,12.01.2026,Frauen-WG,1992,10,1.0,93051,ja,28,20.3,Königswiesen,"20,3 qm",A,3.8,Privat,Zentralheizung,Einbauküche,15,nein,98,INS-2026-10255,109
169,False,DG,unmöbliert,21,1,81,14.03.2026,Studenten-WG,1945,10,3.0,93055,ja,87,16.3,Ostenviertel,"16,3 qm",F,10.7,Genossenschaft,Nachtspeicher,keine,43,nein,227,INS-2026-57944,116
328 €,False,EG,unmöbliert,2,4,75,17.04.2026,gemischt,1951,7,2.5,93049,ja,15,29.6,Großprüfening,"29,6 qm",C,2.1,Makler,Zentralheizung,Pantry,9,ja,161,INS-2026-84978,132
383 warm,False,EG,unmöbliert,4,7,19,27.05.2026,gemischt,2007,5,2.0,93049,ja,87,15.4,Westenviertel,"15,4 qm",G,4.1,Privat,Gasetagenheizung,Einbauküche,17,ja,245,INS-2026-55071,112
761 warm,True,Souterrain,teilmöbliert,21,1,12,07.03.2026,Studenten-WG,2014,3,1.0,93053,nein,12,30.0,Kasernenviertel,"30,0 qm",E,11.0,Privat,Gasetagenheizung,Pantry,44,nein,82,INS-2026-65418,144
224,False,3. OG,unmöbliert,12,1,104,21.05.2026,gemischt,1922,10,2.0,93055,ja,23,14.0,Ostenviertel,"14,0 qm",A+,8.3,Privat,Zentralheizung,keine,34,nein,92,INS-2026-67698,63
282 warm,False,EG,teilmöbliert,5,6,96,17.06.2026,gemischt,1930,9,3.0,93055,ja,16,13.2,Burgweinting,13.2 m2,E,1.5,Privat,Nachtspeicher,Pantry,6,ja,179,INS-2026-86839,110
"361,00 EUR",True,1. OG,teilmöbliert,15,2,106,08.02.2026,Studenten-WG,1920,10,2.0,93055,ja,70,18.3,Ostenviertel,18 m²,C,1.6,Genossenschaft,Gasetagenheizung,Pantry,7,nein,52,INS-2026-99887,76
439 warm,False,2. OG,teilmöbliert,17,7,76,26.01.2026,gemischt,1950,10,3.0,93051,ja,30,25.3,Königswiesen,25.3 m2,G,11.1,Privat,Zentralheizung,Einbauküche,45,ja,293,INS-2026-86984,86
402 kalt,True,1. OG,möbliert,24,7,29,06.02.2026,Studenten-WG,1997,6,2.0,93049,nein,57,20.3,Karthaus-Prüll,20 m²,C,4.0,Makler,Pellet,Einbauküche,15,ja,40,INS-2026-55490,64
kalt 373€,False,EG,unmöbliert,24,7,72,22.04.2026,gemischt,1954,6,1.5,93053,ja,87,20.3,Kasernenviertel,20 m²,C,7.0,Makler,Gasetagenheizung,Einbauküche,28,nein,290,INS-2026-19183,103
311,False,EG,unmöbliert,10,4,69,01.03.2026,Studenten-WG,1957,8,2.5,93051,ja,81,25.2,Ziegetsdorf,"25,2 qm",E,10.0,Privat,Fernwärme,Einbauküche,41,nein,54,INS-2026-91285,103
889 warm,True,3. OG,möbliert,5,3,8,01.06.2026,Studenten-WG,2018,8,1.0,93059,ja,30,23.2,Stadtamhof,23.2 m2,A,4.3,Privat,Gasetagenheizung,Einbauküche,18,nein,267,INS-2026-88987,97
456 warm,True,1. OG,teilmöbliert,24,4,107,02.06.2026,gemischt,1919,1,2.0,93051,nein,30,13.9,Kumpfmühl,13.9 m2,F,10.6,Privat,Zentralheizung,Pantry,42,nein,275,INS-2026-62041,181
kalt 249€,False,1. OG,unmöbliert,7,5,66,01.04.2026,gemischt,1960,2,1.5,93051,nein,63,16.4,Königswiesen,"16,4 qm",A,2.4,Privat,Zentralheizung,Einbauküche,10,ja,170,INS-2026-37911,96
414,True,1. OG,unmöbliert,19,5,25,17.04.2026,Studenten-WG,2001,6,2.0,93047,nein,49,17.1,Innenstadt,17 m²,G,3.6,Privat,Zentralheizung,Einbauküche,14,nein,51,INS-2026-90395,71
440 €,False,DG,unmöbliert,11,6,35,26.03.2026,gemischt,1991,8,1.0,93049,nein,55,33.8,Großprüfening,33.8 m2,E,6.4,Privat,Pellet,Pantry,25,nein,27,INS-2026-67640,58
kalt 184€,False,3. OG,teilmöbliert,21,7,33,21.01.2026,gemischt,1993,2,2.0,93051,ja,30,14.3,Dechbetten,"14,3 qm",H,4.9,Privat,Zentralheizung,keine,21,nein,6,INS-2026-48089,173
294 €,True,1. OG,teilmöbliert,19,7,122,28.02.2026,gemischt,1904,5,2.0,93051,nein,6,16.4,Königswiesen,16.4 m2,D,5.5,Privat,Fernwärme,Einbauküche,23,nein,201,INS-2026-75847,128
Kaltmiete: 470 €,False,4. OG,unmöbliert,25,6,86,10.02.2026,Studenten-WG,1940,9,2.0,93053,nein,52,25.2,Galgenberg,25.2 m2,A,10.7,Makler,Zentralheizung,Einbauküche,43,ja,54,INS-2026-61153,127
210 €,True,1. OG,unmöbliert,10,2,33,28.04.2026,gemischt,1993,10,2.5,93049,ja,74,14.4,Großprüfening,"14,4 qm",B,5.6,Privat,Zentralheizung,Einbauküche,22,nein,153,INS-2026-20601,126
435 €,True,EG,unmöbliert,10,3,123,03.03.2026,Studenten-WG,1903,7,1.0,93059,ja,65,16.0,Stadtamhof,"16,0 qm",A,9.2,Privat,Zentralheizung,Einbauküche,37,nein,182,INS-2026-33567,142
680 warm,True,3. OG,unmöbliert,13,7,30,04.03.2026,Studenten-WG,1996,10,1.0,93051,ja,68,27.1,Kumpfmühl,27 m²,D,1.8,Makler,Zentralheizung,Pantry,7,nein,180,INS-2026-43497,98
232 €,False,2. OG,teilmöbliert,2,5,62,18.01.2026,gemischt,1964,4,3.0,93051,ja,20,17.1,Königswiesen,"17,1 qm",F,9.1,Privat,Zentralheizung,Einbauküche,36,nein,151,INS-2026-44450,91
549 warm,True,Souterrain,teilmöbliert,5,7,20,09.04.2026,Studenten-WG,2006,4,2.5,93051,nein,34,23.6,Königswiesen,23.6 m2,E,1.8,Privat,Pellet,Einbauküche,8,ja,1,INS-2026-66262,141
485,True,2. OG,möbliert,15,2,13,26.03.2026,gemischt,2013,10,1.0,93051,ja,71,20.6,Kumpfmühl,20.6 m2,D,8.4,Privat,Nachtspeicher,Einbauküche,33,nein,19,INS-2026-36068,46
"383,00 EUR",False,3. OG,teilmöbliert,24,2,68,03.02.2026,Frauen-WG,1958,1,1.5,93053,nein,24,22.9,Kasernenviertel,23 m²,H,9.2,Makler,Nachtspeicher,Pantry,36,nein,115,INS-2026-44231,99
459,True,DG,unmöbliert,16,3,12,17.05.2026,Berufstätigen-WG,2014,5,2.5,93053,nein,45,19.4,Galgenberg,19 m²,F,2.7,Privat,Öl,Einbauküche,10,ja,110,INS-2026-27891,126
257,True,4. OG,teilmöbliert,17,4,37,24.01.2026,gemischt,1989,6,2.0,93051,nein,27,15.7,Königswiesen,15.7 m2,B,4.1,Privat,Gasetagenheizung,Pantry,17,ja,195,INS-2026-49929,140
kalt 506€,True,EG,unmöbliert,3,6,94,23.02.2026,gemischt,1932,3,1.0,93055,nein,31,34.7,Burgweinting,"34,7 qm",C,8.6,Privat,Fernwärme,Pantry,34,nein,42,INS-2026-96023,78
429 warm,True,EG,unmöbliert,13,3,109,17.01.2026,gemischt,1917,9,2.0,93055,ja,27,21.9,Burgweinting,22 m²,E,8.9,Privat,Gasetagenheizung,Pantry,36,nein,134,INS-2026-34844,114
435 €,False,EG,möbliert,3,5,60,27.02.2026,Studenten-WG,1966,6,2.0,93047,nein,88,18.3,Innenstadt,18 m²,C,6.2,Makler,Zentralheizung,keine,24,nein,70,INS-2026-86918,70
476,True,1. OG,teilmöbliert,22,3,96,02.06.2026,Studenten-WG,1930,8,2.0,93051,ja,31,27.5,Königswiesen,28 m²,D,2.5,Genossenschaft,Öl,Einbauküche,10,ja,41,INS-2026-13986,97
389,False,Souterrain,teilmöbliert,25,1,72,31.05.2026,gemischt,1954,10,3.0,93053,nein,73,24.5,Kasernenviertel,24.5 m2,B,2.0,Privat,Öl,Pantry,8,nein,216,INS-2026-44659,138
Kaltmiete: 285 €,True,DG,unmöbliert,14,2,114,18.02.2026,Studenten-WG,1912,1,1.0,93051,ja,10,20.6,Dechbetten,20.6 m2,E,7.0,Genossenschaft,Zentralheizung,Einbauküche,28,nein,258,INS-2026-81449,111
266,False,3. OG,unmöbliert,19,7,62,10.06.2026,Männer-WG,1964,9,2.0,93049,ja,50,18.5,Großprüfening,"18,5 qm",A,2.0,Makler,Öl,Einbauküche,8,ja,6,INS-2026-98966,85
228,False,DG,unmöbliert,4,7,70,16.03.2026,gemischt,1956,5,2.0,93051,nein,35,25.4,Dechbetten,25 m²,G,6.2,Makler,Nachtspeicher,Einbauküche,25,nein,238,INS-2026-30447,88
479 kalt,True,3. OG,teilmöbliert,5,4,123,14.03.2026,gemischt,1903,5,1.0,93055,ja,50,22.6,Ostenviertel,"22,6 qm",B,1.5,Makler,Gasetagenheizung,Einbauküche,6,nein,287,INS-2026-95404,136
562 €,True,2. OG,teilmöbliert,3,5,61,20.05.2026,gemischt,1965,8,1.0,93047,ja,36,21.7,Innenstadt,22 m²,A+,10.5,Makler,Öl,Einbauküche,42,nein,237,INS-2026-34266,50
"391,00 EUR",False,3. OG,möbliert,21,3,88,01.03.2026,Studenten-WG,1938,6,1.0,93053,ja,82,19.4,Galgenberg,19 m²,B,11.2,Genossenschaft,Nachtspeicher,Einbauküche,45,nein,208,INS-2026-27144,73
392 €,True,EG,teilmöbliert,17,3,123,04.02.2026,Studenten-WG,1903,4,1.0,93051,ja,51,18.3,Königswiesen,18.3 m2,B,9.2,Genossenschaft,Fernwärme,Einbauküche,38,nein,108,INS-2026-41109,63
714 warm,False,4. OG,unmöbliert,16,2,108,11.06.2026,Studenten-WG,1918,2,2.0,93047,ja,40,26.9,Innenstadt,27 m²,D,8.8,Privat,Öl,Einbauküche,35,nein,229,INS-2026-93423,143
200 kalt,False,2. OG,teilmöbliert,7,4,60,26.06.2026,Frauen-WG,1966,2,2.5,93055,ja,19,15.8,Burgweinting,15.8 m2,E,5.9,Makler,Fernwärme,Pantry,24,nein,131,INS-2026-46231,145
324,False,3. OG,unmöbliert,13,3,35,11.03.2026,gemischt,1991,4,3.0,93049,ja,73,21.2,Westenviertel,21 m²,G,6.2,Privat,Nachtspeicher,Einbauküche,25,ja,12,INS-2026-58425,74
458 warm,False,EG,unmöbliert,8,3,66,12.04.2026,gemischt,1960,10,2.0,93055,nein,26,29.7,Ostenviertel,29.7 m2,C,10.3,Privat,Zentralheizung,Einbauküche,41,ja,140,INS-2026-95113,52
kalt 285€,False,EG,unmöbliert,11,2,54,22.05.2026,gemischt,1972,2,2.0,93059,ja,72,20.3,Reinhausen,20.3 m2,A,6.6,Privat,Zentralheizung,Pantry,27,nein,118,INS-2026-22715,112
277 warm,False,EG,unmöbliert,25,6,72,18.01.2026,Studenten-WG,1954,10,2.0,93051,ja,79,18.8,Ziegetsdorf,19 m²,D,7.0,Privat,Gasetagenheizung,Pantry,28,ja,62,INS-2026-48836,63
"476,00 EUR",True,3. OG,möbliert,2,1,39,31.05.2026,gemischt,1987,6,1.5,93059,nein,34,20.1,Stadtamhof,"20,1 qm",F,8.5,Privat,Öl,Pantry,34,ja,175,INS-2026-18798,140
512 €,True,DG,möbliert,4,4,77,09.06.2026,Frauen-WG,1949,4,1.0,93059,nein,29,29.6,Reinhausen,"29,6 qm",A,9.1,Privat,Zentralheizung,Einbauküche,36,nein,135,INS-2026-84681,121
558,True,4. OG,möbliert,21,2,103,02.02.2026,Studenten-WG,1923,8,2.0,93047,ja,7,18.3,Innenstadt,"18,3 qm",B,3.7,Privat,Gasetagenheizung,Einbauküche,15,nein,79,INS-2026-94245,93
kalt 525€,True,2. OG,unmöbliert,16,2,105,08.05.2026,Studenten-WG,1921,10,2.0,93047,ja,52,19.9,Innenstadt,"19,9 qm",C,1.6,Makler,Gasetagenheizung,Einbauküche,6,nein,239,INS-2026-80364,89
369 warm,False,3. OG,unmöbliert,10,2,58,25.01.2026,Männer-WG,1968,8,2.0,93055,nein,42,19.1,Ostenviertel,"19,1 qm",D,7.8,Privat,Zentralheizung,Pantry,31,ja,6,INS-2026-95517,110
230 €,False,DG,unmöbliert,9,5,95,15.01.2026,Studenten-WG,1931,9,2.0,93051,nein,1,19.5,Königswiesen,20 m²,H,6.1,Makler,Öl,Einbauküche,24,nein,16,INS-2026-12564,102
"502,00 EUR",False,1. OG,unmöbliert,6,5,101,12.04.2026,Männer-WG,1925,5,2.5,93047,nein,31,22.0,Innenstadt,"22,0 qm",F,3.7,Privat,Öl,Einbauküche,16,nein,235,INS-2026-13675,116
236 €,False,EG,unmöbliert,2,6,77,05.01.2026,gemischt,1949,10,3.0,93051,nein,73,19.0,Königswiesen,"19,0 qm",C,6.7,Privat,Gasetagenheizung,Einbauküche,28,ja,14,INS-2026-74225,93
268 €,False,DG,unmöbliert,10,7,39,03.06.2026,gemischt,1987,10,2.0,93051,ja,52,23.7,Dechbetten,"23,7 qm",B,3.1,Genossenschaft,Zentralheizung,Pantry,13,nein,66,INS-2026-93633,131
408,False,DG,teilmöbliert,12,5,91,27.04.2026,Studenten-WG,1935,4,2.0,93047,ja,53,20.9,Innenstadt,20.9 m2,D,8.1,Privat,Gasetagenheizung,Einbauküche,32,nein,31,INS-2026-75231,126
568,True,2. OG,unmöbliert,16,3,85,08.01.2026,Frauen-WG,1941,3,2.0,93051,ja,70,27.6,Kumpfmühl,27.6 m2,D,5.4,Privat,Fernwärme,Einbauküche,21,nein,151,INS-2026-89910,72
157,False,EG,unmöbliert,18,1,40,29.03.2026,Studenten-WG,1986,10,3.0,93055,nein,87,14.1,Burgweinting,14.1 m2,D,6.9,Privat,Zentralheizung,keine,27,nein,159,INS-2026-26861,80
514 €,True,1. OG,unmöbliert,17,1,6,26.02.2026,gemischt,2020,5,1.5,93049,ja,16,21.6,Karthaus-Prüll,"21,6 qm",A,1.2,Privat,Zentralheizung,Einbauküche,5,ja,277,INS-2026-76532,59
320 €,False,2. OG,unmöbliert,25,1,24,10.06.2026,Frauen-WG,2002,10,3.0,93059,ja,33,16.1,Stadtamhof,"16,1 qm",C,8.4,Privat,Zentralheizung,Einbauküche,35,nein,158,INS-2026-14755,58
294 warm,False,2. OG,unmöbliert,7,1,43,21.02.2026,Männer-WG,1983,3,2.0,93053,ja,4,11.4,Kasernenviertel,"11,4 qm",A,10.7,Privat,Pellet,Einbauküche,43,nein,143,INS-2026-93780,84
439 warm,False,1. OG,unmöbliert,14,1,66,17.06.2026,gemischt,1960,10,2.0,93049,ja,24,21.4,Westenviertel,"21,4 qm",C,7.9,Privat,Öl,Pantry,32,nein,0,INS-2026-29555,120
616 warm,True,2. OG,teilmöbliert,12,3,28,20.02.2026,gemischt,1998,6,1.0,93051,ja,20,18.3,Kumpfmühl,"18,3 qm",E,2.0,Privat,Fernwärme,Pantry,8,nein,167,INS-2026-54774,154
306 €,True,2. OG,unmöbliert,24,6,79,26.02.2026,Studenten-WG,1947,10,2.0,93055,nein,43,18.4,Ostenviertel,18 m²,D,2.2,Privat,Gasetagenheizung,Einbauküche,9,ja,73,INS-2026-68303,64
Kaltmiete: 400 €,False,2. OG,unmöbliert,11,5,104,12.04.2026,Studenten-WG,1922,8,2.0,93053,ja,25,21.1,Kasernenviertel,21 m²,D,10.8,Privat,Fernwärme,keine,43,nein,190,INS-2026-97982,123
475 kalt,False,Souterrain,teilmöbliert,10,1,37,24.05.2026,gemischt,1989,2,2.0,93047,nein,50,24.5,Innenstadt,24.5 m2,H,7.0,Privat,Gasetagenheizung,Pantry,29,nein,43,INS-2026-47233,181
"596,00 EUR",True,2. OG,möbliert,21,4,16,17.06.2026,Frauen-WG,2010,10,2.0,93055,nein,1,30.7,Burgweinting,31 m²,B,7.0,Privat,Zentralheizung,Einbauküche,27,nein,292,INS-2026-29586,100
kalt 298€,True,4. OG,teilmöbliert,4,5,29,05.06.2026,Studenten-WG,1997,6,2.0,93049,ja,40,18.7,Großprüfening,"18,7 qm",C,9.1,Privat,Zentralheizung,Pantry,37,ja,183,INS-2026-47255,120
264,True,DG,teilmöbliert,19,3,12,26.03.2026,gemischt,2014,10,1.0,93053,nein,22,12.5,Galgenberg,12 m²,D,9.7,Genossenschaft,Gasetagenheizung,Einbauküche,39,nein,85,INS-2026-67038,58
kalt 167€,False,2. OG,unmöbliert,25,7,76,08.02.2026,Berufstätigen-WG,1950,10,2.0,93051,nein,73,15.7,Ziegetsdorf,15.7 m2,D,5.4,Privat,Nachtspeicher,Pantry,22,nein,34,INS-2026-39416,88
311 warm,False,EG,teilmöbliert,8,4,40,09.02.2026,Männer-WG,1986,10,1.5,93055,ja,9,16.9,Ostenviertel,"16,9 qm",B,8.1,Privat,Nachtspeicher,Einbauküche,33,ja,182,INS-2026-77051,52
421 €,True,2. OG,teilmöbliert,4,7,104,20.06.2026,gemischt,1922,5,2.0,93053,ja,3,16.8,Galgenberg,16.8 m2,F,3.4,Privat,Fernwärme,keine,15,nein,53,INS-2026-72631,144
Kaltmiete: 258 €,False,DG,möbliert,6,4,47,20.06.2026,gemischt,1979,7,1.0,93051,ja,69,17.1,Königswiesen,"17,1 qm",C,5.9,Makler,Öl,Pantry,23,nein,173,INS-2026-97161,160
"494,00 EUR",True,DG,möbliert,12,4,5,12.05.2026,gemischt,2021,3,3.0,93053,ja,53,21.1,Galgenberg,"21,1 qm",F,8.2,Privat,Zentralheizung,Einbauküche,33,ja,198,INS-2026-65459,63
246 €,False,4. OG,unmöbliert,4,3,61,26.05.2026,gemischt,1965,6,1.5,93053,ja,22,18.0,Galgenberg,18 m²,D,6.1,Privat,Nachtspeicher,Einbauküche,24,nein,300,INS-2026-22742,90
"235,00 EUR",False,Souterrain,teilmöbliert,13,4,59,17.06.2026,gemischt,1967,4,2.0,93055,ja,20,16.0,Ostenviertel,"16,0 qm",E,3.9,Privat,Fernwärme,Einbauküche,15,nein,180,INS-2026-77446,142
722 warm,True,4. OG,unmöbliert,25,6,16,07.01.2026,gemischt,2010,4,1.5,93051,nein,44,23.8,Kumpfmühl,"23,8 qm",A,3.3,Makler,Zentralheizung,Pantry,14,ja,132,INS-2026-57419,119
249,False,DG,unmöbliert,21,5,91,20.04.2026,Berufstätigen-WG,1935,7,2.0,93055,nein,40,19.8,Burgweinting,19.8 m2,E,4.7,Privat,Zentralheizung,Einbauküche,20,nein,108,INS-2026-40653,58
468 warm,False,4. OG,teilmöbliert,24,5,34,24.04.2026,gemischt,1992,3,1.5,93055,ja,43,23.0,Burgweinting,23.0 m2,G,3.7,Privat,Zentralheizung,Einbauküche,15,nein,16,INS-2026-80173,150
523,True,2. OG,teilmöbliert,22,2,124,27.03.2026,gemischt,1902,8,2.0,93053,nein,85,23.4,Galgenberg,23.4 m2,F,3.0,Makler,Gasetagenheizung,keine,11,nein,287,INS-2026-83017,136
361 warm,False,DG,möbliert,4,2,123,08.06.2026,Studenten-WG,1903,3,2.5,93051,ja,89,20.2,Ziegetsdorf,20.2 m2,D,2.3,Privat,Nachtspeicher,Einbauküche,9,nein,168,INS-2026-88051,96
162 €,False,3. OG,möbliert,8,5,86,28.04.2026,Studenten-WG,1940,10,2.0,93051,nein,67,12.3,Dechbetten,12 m²,D,10.4,Privat,Fernwärme,Einbauküche,42,nein,3,INS-2026-81782,98
339 €,False,2. OG,möbliert,23,4,115,18.04.2026,Berufstätigen-WG,1911,5,3.0,93053,ja,17,17.7,Galgenberg,"17,7 qm",F,10.6,Makler,Gasetagenheizung,Pantry,42,nein,108,INS-2026-37931,62
"235,00 EUR",True,2. OG,unmöbliert,13,4,32,17.03.2026,gemischt,1994,3,2.0,93051,ja,44,15.9,Dechbetten,16 m²,A,10.1,Genossenschaft,Zentralheizung,Einbauküche,40,nein,69,INS-2026-94686,105
477 warm,False,3. OG,teilmöbliert,5,2,22,05.06.2026,Studenten-WG,2004,3,2.0,93047,nein,40,18.3,Innenstadt,"18,3 qm",D,7.3,Privat,Nachtspeicher,Einbauküche,29,ja,279,INS-2026-27970,46
522 warm,True,EG,unmöbliert,4,4,12,17.05.2026,gemischt,2014,3,2.0,93053,ja,38,20.5,Galgenberg,20.5 m2,E,6.1,Privat,Fernwärme,keine,24,nein,265,INS-2026-33521,62
564 €,True,2. OG,teilmöbliert,22,6,13,29.03.2026,Studenten-WG,2013,1,2.0,93055,nein,79,29.7,Ostenviertel,"29,7 qm",D,2.9,Makler,Gasetagenheizung,Pantry,11,ja,33,INS-2026-40151,52
389,True,EG,teilmöbliert,3,4,103,29.06.2026,gemischt,1923,7,2.0,93053,ja,65,17.4,Kasernenviertel,17.4 m2,A,10.6,Privat,Gasetagenheizung,keine,42,nein,221,INS-2026-32777,45
"376,00 EUR",True,EG,unmöbliert,9,1,9,24.01.2026,Frauen-WG,2017,3,1.0,93051,ja,19,16.5,Kumpfmühl,"16,5 qm",B,5.5,Privat,Pellet,Pantry,21,ja,22,INS-2026-98548,91
600 warm,True,EG,unmöbliert,13,4,97,17.03.2026,gemischt,1929,7,1.0,93055,ja,26,26.2,Ostenviertel,26 m²,D,7.0,Genossenschaft,Gasetagenheizung,keine,27,nein,114,INS-2026-24783,118
336,False,1. OG,unmöbliert,8,1,64,01.04.2026,gemischt,1962,6,3.0,93053,ja,76,20.7,Galgenberg,"20,7 qm",D,3.3,Makler,Nachtspeicher,Pantry,13,nein,141,INS-2026-24178,54
Kaltmiete: 401 €,True,1. OG,unmöbliert,25,6,98,09.06.2026,gemischt,1928,7,1.0,93049,ja,57,27.1,Großprüfening,27.1 m2,F,11.2,Makler,Zentralheizung,keine,44,ja,98,INS-2026-14816,62
282 €,False,2. OG,unmöbliert,4,2,62,01.03.2026,gemischt,1964,6,3.0,93053,ja,85,20.3,Galgenberg,20.3 m2,H,9.5,Makler,Nachtspeicher,Einbauküche,38,ja,218,INS-2026-37103,64
"151,00 EUR",False,DG,möbliert,11,3,32,26.01.2026,gemischt,1994,5,2.0,93051,nein,55,13.6,Dechbetten,13.6 m2,H,9.7,Privat,Öl,Pantry,38,nein,252,INS-2026-94090,93
"559,00 EUR",True,2. OG,unmöbliert,20,7,113,28.05.2026,Studenten-WG,1913,1,1.0,93047,ja,52,20.6,Innenstadt,"20,6 qm",E,8.4,Privat,Zentralheizung,Einbauküche,34,ja,7,INS-2026-57734,89
274,True,EG,teilmöbliert,6,1,74,19.03.2026,gemischt,1952,7,1.5,93049,nein,14,15.0,Westenviertel,"15,0 qm",B,4.7,Makler,Zentralheizung,keine,19,nein,174,INS-2026-51056,150
553,True,EG,teilmöbliert,9,2,4,16.01.2026,gemischt,2022,6,2.0,93059,nein,77,19.1,Stadtamhof,19.1 m2,B,6.3,Privat,Fernwärme,Pantry,25,nein,107,INS-2026-90296,134
245,False,DG,teilmöbliert,23,4,95,06.02.2026,Studenten-WG,1931,5,3.0,93049,ja,48,22.4,Großprüfening,22 m²,C,4.9,Makler,Gasetagenheizung,Pantry,20,nein,109,INS-2026-93048,102
693 kalt,True,1. OG,teilmöbliert,2,1,12,23.05.2026,gemischt,2014,1,1.0,93047,ja,10,21.1,Innenstadt,21 m²,E,2.7,Privat,Nachtspeicher,Pantry,11,nein,162,INS-2026-48093,102
566 warm,True,2. OG,möbliert,16,4,125,11.06.2026,gemischt,1901,8,1.0,93059,nein,66,20.0,Reinhausen,20.0 m2,D,3.6,Makler,Zentralheizung,Pantry,15,nein,109,INS-2026-67619,144
299 €,False,2. OG,unmöbliert,7,6,95,25.05.2026,gemischt,1931,5,2.0,93051,ja,8,17.1,Kumpfmühl,17.1 m2,A+,11.0,Privat,Fernwärme,Einbauküche,45,nein,153,INS-2026-79201,67
250,False,3. OG,teilmöbliert,23,4,38,12.05.2026,Studenten-WG,1988,8,2.0,93055,nein,62,18.5,Burgweinting,18.5 m2,B,10.0,Makler,Zentralheizung,keine,40,ja,46,INS-2026-35890,116
654 warm,True,1. OG,unmöbliert,3,4,119,14.03.2026,Frauen-WG,1907,7,1.0,93053,ja,43,21.4,Kasernenviertel,"21,4 qm",H,4.0,Privat,Gasetagenheizung,Einbauküche,15,nein,72,INS-2026-38994,142
Kaltmiete: 331 €,True,4. OG,unmöbliert,4,2,44,28.04.2026,gemischt,1982,10,1.0,93051,ja,18,22.4,Ziegetsdorf,22.4 m2,F,4.3,Genossenschaft,Fernwärme,Einbauküche,17,ja,169,INS-2026-77468,166
kalt 410€,False,Souterrain,teilmöbliert,15,5,79,03.04.2026,Frauen-WG,1947,9,2.5,93049,nein,15,26.4,Westenviertel,26.4 m2,C,6.1,Privat,Zentralheizung,Einbauküche,25,ja,278,INS-2026-44464,58
273 warm,False,EG,teilmöbliert,13,2,71,07.04.2026,Studenten-WG,1955,2,2.0,93055,nein,41,16.1,Ostenviertel,16 m²,C,8.9,Privat,Zentralheizung,Pantry,36,ja,117,INS-2026-21894,52
"261,00 EUR",True,EG,teilmöbliert,15,7,114,28.04.2026,gemischt,1912,8,1.0,93051,nein,69,14.7,Ziegetsdorf,15 m²,D,8.6,Makler,Zentralheizung,Pantry,35,nein,168,INS-2026-20337,115
493,True,1. OG,teilmöbliert,11,3,113,25.02.2026,Berufstätigen-WG,1913,7,1.0,93059,nein,39,19.6,Stadtamhof,20 m²,E,10.9,Makler,Öl,keine,43,nein,104,INS-2026-62394,68
"373,00 EUR",True,1. OG,teilmöbliert,11,7,114,18.01.2026,gemischt,1912,3,2.5,93049,nein,13,17.5,Westenviertel,18 m²,D,9.6,Privat,Zentralheizung,Einbauküche,39,nein,27,INS-2026-65074,152
353,False,EG,unmöbliert,14,2,30,05.02.2026,gemischt,1996,8,3.0,93049,ja,68,24.8,Westenviertel,25 m²,A,10.1,Makler,Gasetagenheizung,Einbauküche,41,ja,106,INS-2026-49743,64
212 warm,False,EG,unmöbliert,9,5,41,04.01.2026,Studenten-WG,1985,8,2.0,93051,ja,43,12.3,Ziegetsdorf,"12,3 qm",A,5.3,Makler,Öl,Einbauküche,22,ja,203,INS-2026-12414,59
336 warm,True,1. OG,unmöbliert,23,6,78,12.03.2026,gemischt,1948,6,1.0,93049,nein,16,13.5,Westenviertel,"13,5 qm",E,2.8,Privat,Fernwärme,Pantry,11,ja,44,INS-2026-26596,76
228 €,True,2. OG,unmöbliert,8,1,42,04.01.2026,Studenten-WG,1984,7,1.0,93051,nein,77,16.7,Ziegetsdorf,"16,7 qm",D,8.6,Makler,Gasetagenheizung,Einbauküche,34,nein,234,INS-2026-28521,153
419 €,True,DG,teilmöbliert,23,2,118,12.04.2026,Berufstätigen-WG,1908,9,1.0,93049,nein,85,22.5,Karthaus-Prüll,22.5 m2,G,2.6,Privat,Zentralheizung,keine,10,nein,73,INS-2026-87033,189
632 warm,True,1. OG,möbliert,16,4,122,07.04.2026,Studenten-WG,1904,4,1.0,93059,ja,25,17.2,Stadtamhof,17 m²,A,10.3,Privat,Öl,Einbauküche,42,nein,78,INS-2026-55403,93
523,True,2. OG,unmöbliert,21,1,9,04.02.2026,Studenten-WG,2017,4,1.0,93053,nein,21,23.1,Galgenberg,"23,1 qm",H,9.0,Makler,Gasetagenheizung,Einbauküche,36,ja,273,INS-2026-53944,131
394 warm,True,2. OG,unmöbliert,9,7,84,19.05.2026,gemischt,1942,1,2.0,93055,ja,43,16.4,Ostenviertel,"16,4 qm",B,4.3,Genossenschaft,Zentralheizung,Einbauküche,17,ja,139,INS-2026-67682,104
372 warm,True,DG,unmöbliert,6,2,116,17.05.2026,Studenten-WG,1910,9,1.0,93055,ja,85,12.6,Ostenviertel,13 m²,F,3.6,Makler,Zentralheizung,Einbauküche,14,ja,93,INS-2026-10172,105
"298,00 EUR",False,2. OG,unmöbliert,2,7,81,13.03.2026,Studenten-WG,1945,2,1.5,93055,nein,28,22.7,Ostenviertel,23 m²,F,6.7,Makler,Nachtspeicher,keine,27,nein,246,INS-2026-51082,122
588,False,EG,unmöbliert,24,6,107,07.05.2026,Studenten-WG,1919,6,2.0,93053,nein,86,30.6,Kasernenviertel,31 m²,G,10.7,Privat,Gasetagenheizung,Einbauküche,43,ja,249,INS-2026-95698,116
kalt 343€,True,2. OG,unmöbliert,11,4,63,17.06.2026,Studenten-WG,1963,5,2.0,93051,ja,83,25.3,Ziegetsdorf,"25,3 qm",F,3.5,Privat,Zentralheizung,Einbauküche,14,ja,84,INS-2026-39119,103
Kaltmiete: 545 €,True,1. OG,teilmöbliert,18,7,114,02.04.2026,Berufstätigen-WG,1912,9,1.5,93053,ja,47,20.7,Galgenberg,"20,7 qm",A,6.4,Privat,Zentralheizung,Pantry,26,nein,3,INS-2026-82288,84
Kaltmiete: 490 €,False,1. OG,unmöbliert,6,5,75,22.01.2026,Männer-WG,1951,2,1.5,93051,nein,81,31.1,Kumpfmühl,31.1 m2,D,2.5,Privat,Nachtspeicher,keine,10,nein,178,INS-2026-27434,115
kalt 239€,False,2. OG,unmöbliert,15,6,42,05.03.2026,Studenten-WG,1984,1,2.0,93049,nein,8,20.7,Großprüfening,"20,7 qm",H,5.6,Privat,Gasetagenheizung,Einbauküche,23,ja,258,INS-2026-33820,129
236,True,Souterrain,teilmöbliert,21,5,18,27.03.2026,Männer-WG,2008,5,2.0,93049,ja,9,15.7,Großprüfening,16 m²,A+,1.9,Privat,Gasetagenheizung,Pantry,8,ja,185,INS-2026-78963,125
418 kalt,True,2. OG,möbliert,25,7,109,10.04.2026,gemischt,1917,1,3.0,93051,ja,53,22.2,Königswiesen,22 m²,A,3.9,Makler,Zentralheizung,Pantry,16,ja,156,INS-2026-56547,136
"191,00 EUR",False,Souterrain,unmöbliert,12,6,66,23.03.2026,Frauen-WG,1960,6,3.0,93051,ja,39,16.7,Königswiesen,17 m²,E,10.9,Privat,Zentralheizung,Einbauküche,43,ja,120,INS-2026-57860,143
243,False,3. OG,teilmöbliert,20,6,88,14.06.2026,Männer-WG,1938,1,1.5,93055,nein,8,17.4,Burgweinting,17 m²,E,10.7,Makler,Öl,Einbauküche,44,ja,162,INS-2026-54547,70
kalt 267€,True,3. OG,möbliert,5,6,57,20.03.2026,Frauen-WG,1969,1,1.0,93055,ja,51,15.0,Burgweinting,"15,0 qm",A+,6.0,Privat,Zentralheizung,keine,24,nein,81,INS-2026-89124,107
513 warm,True,1. OG,unmöbliert,15,7,3,06.04.2026,gemischt,2023,10,1.0,93055,nein,70,21.2,Burgweinting,21 m²,G,11.5,Privat,Fernwärme,Einbauküche,45,nein,142,INS-2026-70894,133
"269,00 EUR",True,3. OG,unmöbliert,22,4,107,06.06.2026,gemischt,1919,4,2.0,93051,ja,85,14.1,Kumpfmühl,14 m²,C,8.8,Makler,Zentralheizung,Einbauküche,35,nein,204,INS-2026-78362,136
"351,00 EUR",True,3. OG,möbliert,4,5,62,23.03.2026,gemischt,1964,4,2.5,93051,nein,77,17.6,Kumpfmühl,17.6 m2,A,1.5,Makler,Öl,Pantry,6,ja,269,INS-2026-62799,145
273 €,False,2. OG,möbliert,6,6,50,04.04.2026,gemischt,1976,2,3.0,93051,ja,17,18.9,Königswiesen,18.9 m2,D,8.0,Privat,Gasetagenheizung,Einbauküche,31,ja,90,INS-2026-34759,83
398,True,1. OG,unmöbliert,5,5,83,10.03.2026,gemischt,1943,2,1.0,93047,nein,19,15.0,Innenstadt,"15,0 qm",F,2.8,Privat,Zentralheizung,Einbauküche,11,ja,107,INS-2026-92717,149
533,True,3. OG,teilmöbliert,4,1,54,13.01.2026,gemischt,1972,6,1.5,93055,nein,41,31.9,Burgweinting,32 m²,A,4.6,Genossenschaft,Fernwärme,Einbauküche,18,nein,291,INS-2026-48115,83
242,False,3. OG,unmöbliert,2,5,54,29.06.2026,gemischt,1972,6,2.0,93051,ja,75,14.6,Kumpfmühl,15 m²,F,2.1,Makler,Öl,keine,8,nein,24,INS-2026-37614,142
187,False,2. OG,teilmöbliert,4,7,62,07.04.2026,gemischt,1964,8,2.5,93049,ja,57,13.5,Westenviertel,"13,5 qm",F,8.0,Privat,Nachtspeicher,keine,32,ja,123,INS-2026-51491,87
"284,00 EUR",False,3. OG,teilmöbliert,2,3,65,21.06.2026,Studenten-WG,1961,5,3.0,93051,nein,34,23.8,Königswiesen,24 m²,D,11.3,Privat,Zentralheizung,Einbauküche,45,nein,1,INS-2026-25615,71
325,False,3. OG,unmöbliert,25,7,52,27.05.2026,Berufstätigen-WG,1974,8,1.5,93051,ja,26,20.3,Kumpfmühl,"20,3 qm",D,6.8,Privat,Nachtspeicher,Pantry,27,ja,77,INS-2026-86799,124
"326,00 EUR",True,2. OG,unmöbliert,11,6,96,23.03.2026,Frauen-WG,1930,9,1.0,93053,ja,44,15.2,Kasernenviertel,15.2 m2,A+,4.4,Privat,Zentralheizung,keine,17,nein,127,INS-2026-27484,114
392 warm,True,3. OG,möbliert,13,1,23,22.03.2026,Studenten-WG,2003,9,1.5,93055,nein,18,17.0,Ostenviertel,17.0 m2,C,8.2,Makler,Zentralheizung,Pantry,32,ja,14,INS-2026-17122,81
225 €,False,4. OG,teilmöbliert,2,2,67,29.01.2026,Studenten-WG,1959,8,1.5,93055,nein,44,17.0,Ostenviertel,"17,0 qm",F,9.7,Makler,Gasetagenheizung,Einbauküche,39,nein,200,INS-2026-33744,114
216 kalt,False,3. OG,unmöbliert,6,6,37,24.04.2026,Berufstätigen-WG,1989,8,2.0,93051,nein,14,17.9,Ziegetsdorf,"17,9 qm",A,6.8,Privat,Gasetagenheizung,Einbauküche,27,nein,281,INS-2026-37027,50
426 warm,True,4. OG,teilmöbliert,17,3,124,20.04.2026,gemischt,1902,5,1.5,93059,ja,45,16.1,Reinhausen,16.1 m2,F,4.2,Privat,Zentralheizung,Pantry,17,nein,190,INS-2026-94280,167
278,False,DG,unmöbliert,7,7,94,06.01.2026,Studenten-WG,1932,4,2.0,93049,nein,48,20.8,Großprüfening,"20,8 qm",A+,8.3,Privat,Gasetagenheizung,keine,33,ja,262,INS-2026-78198,48
"408,00 EUR",True,3. OG,unmöbliert,24,1,116,02.03.2026,gemischt,1910,9,1.0,93053,nein,70,19.7,Kasernenviertel,"19,7 qm",H,6.1,Makler,Gasetagenheizung,keine,24,ja,215,INS-2026-30947,120
"444,00 EUR",True,DG,teilmöbliert,12,7,29,12.04.2026,gemischt,1997,9,2.0,93049,ja,43,18.6,Westenviertel,19 m²,F,2.0,Privat,Zentralheizung,Einbauküche,8,ja,18,INS-2026-65263,127
287 kalt,True,1. OG,unmöbliert,12,6,32,19.01.2026,Studenten-WG,1994,5,1.0,93049,ja,38,15.8,Westenviertel,15.8 m2,E,9.5,Genossenschaft,Zentralheizung,Einbauküche,38,ja,252,INS-2026-14837,170
kalt 328€,True,1. OG,teilmöbliert,3,3,17,24.02.2026,Studenten-WG,2009,3,2.0,93049,nein,42,20.5,Großprüfening,20 m²,A,8.3,Privat,Zentralheizung,Einbauküche,33,nein,151,INS-2026-72878,102
374 kalt,True,2. OG,teilmöbliert,2,6,53,24.06.2026,gemischt,1973,2,2.5,93053,nein,8,18.5,Kasernenviertel,"18,5 qm",F,4.2,Makler,Zentralheizung,Einbauküche,17,ja,86,INS-2026-48249,120
206 €,False,DG,teilmöbliert,18,3,75,24.04.2026,Studenten-WG,1951,8,2.5,93059,nein,83,20.0,Reinhausen,20 m²,F,6.5,Makler,Nachtspeicher,Einbauküche,26,nein,291,INS-2026-91049,135
"299,00 EUR",True,4. OG,möbliert,7,5,66,20.06.2026,gemischt,1960,4,1.5,93059,nein,4,13.7,Stadtamhof,14 m²,G,5.8,Makler,Nachtspeicher,Pantry,23,ja,21,INS-2026-77865,113
692 €,True,1. OG,teilmöbliert,3,6,4,05.02.2026,gemischt,2022,7,1.5,93047,ja,57,18.3,Innenstadt,18 m²,C,4.4,Privat,Fernwärme,Einbauküche,17,nein,95,INS-2026-28803,61
516,False,3. OG,teilmöbliert,20,7,115,15.05.2026,gemischt,1911,6,3.0,93053,ja,64,26.7,Kasernenviertel,27 m²,A,7.9,Privat,Zentralheizung,Pantry,31,nein,78,INS-2026-97723,88
"323,00 EUR",True,3. OG,teilmöbliert,5,2,108,19.03.2026,Studenten-WG,1918,8,1.5,93047,nein,2,11.7,Innenstadt,"11,7 qm",C,10.5,Privat,Gasetagenheizung,Einbauküche,42,ja,98,INS-2026-43257,63
313,False,4. OG,unmöbliert,16,3,48,04.04.2026,gemischt,1978,1,1.5,93053,ja,25,21.8,Kasernenviertel,"21,8 qm",B,9.4,Makler,Nachtspeicher,Pantry,38,nein,43,INS-2026-14805,85
"422,00 EUR",False,3. OG,teilmöbliert,11,6,50,07.04.2026,Studenten-WG,1976,8,1.5,93047,ja,51,18.8,Innenstadt,19 m²,D,3.3,Privat,Öl,Einbauküche,13,nein,239,INS-2026-57497,72
472 €,True,EG,möbliert,19,6,74,23.02.2026,gemischt,1952,3,2.5,93053,nein,61,23.5,Kasernenviertel,24 m²,C,1.6,Privat,Zentralheizung,Einbauküche,6,ja,1,INS-2026-93265,138
341,True,1. OG,möbliert,13,6,85,10.06.2026,Studenten-WG,1941,10,1.5,93049,nein,83,17.9,Großprüfening,18 m²,E,1.8,Privat,Fernwärme,Einbauküche,7,nein,281,INS-2026-27689,140
Kaltmiete: 369 €,True,DG,teilmöbliert,11,3,115,24.02.2026,Studenten-WG,1911,5,2.0,93051,nein,2,25.3,Ziegetsdorf,25 m²,B,1.8,Privat,Fernwärme,keine,7,nein,29,INS-2026-40683,125
"556,00 EUR",False,EG,unmöbliert,20,1,85,26.05.2026,Studenten-WG,1941,3,2.0,93053,ja,59,32.9,Galgenberg,"32,9 qm",H,10.4,Privat,Fernwärme,Einbauküche,42,ja,55,INS-2026-96605,186
910 warm,True,2. OG,möbliert,19,3,52,23.01.2026,gemischt,1974,10,1.0,93047,nein,64,26.1,Innenstadt,"26,1 qm",A,4.4,Privat,Gasetagenheizung,keine,18,ja,34,INS-2026-46348,127
440 warm,True,3. OG,möbliert,22,2,72,09.05.2026,Studenten-WG,1954,6,1.5,93055,nein,10,19.5,Ostenviertel,20 m²,G,9.4,Makler,Zentralheizung,Einbauküche,37,ja,122,INS-2026-35153,98
"243,00 EUR",True,1. OG,möbliert,6,1,39,25.05.2026,gemischt,1987,5,2.5,93051,ja,31,14.4,Königswiesen,14 m²,D,4.4,Makler,Nachtspeicher,Einbauküche,18,nein,131,INS-2026-46386,100
221,False,4. OG,unmöbliert,25,5,29,04.03.2026,gemischt,1997,3,2.0,93053,nein,56,12.5,Kasernenviertel,12 m²,E,6.4,Makler,Zentralheizung,Pantry,26,nein,172,INS-2026-85648,148
Kaltmiete: 323 €,False,Souterrain,möbliert,15,5,57,04.05.2026,gemischt,1969,4,2.0,93051,ja,79,19.4,Kumpfmühl,19 m²,F,5.2,Privat,Gasetagenheizung,Pantry,22,nein,279,INS-2026-87146,118
kalt 353€,False,3. OG,unmöbliert,9,7,23,08.04.2026,gemischt,2003,7,2.0,93053,ja,83,18.7,Kasernenviertel,18.7 m2,B,5.6,Makler,Nachtspeicher,keine,22,ja,24,INS-2026-70729,94
683 warm,True,EG,möbliert,13,1,34,17.04.2026,Frauen-WG,1992,9,2.0,93049,ja,29,27.8,Westenviertel,28 m²,A+,3.4,Privat,Zentralheizung,Pantry,13,nein,153,INS-2026-43785,76
234 €,False,1. OG,teilmöbliert,11,3,33,18.04.2026,gemischt,1993,6,3.0,93051,nein,83,16.3,Kumpfmühl,16.3 m2,E,9.1,Makler,Nachtspeicher,Pantry,37,ja,170,INS-2026-71723,74
320 warm,True,1. OG,unmöbliert,15,7,81,22.02.2026,Studenten-WG,1945,1,1.0,93059,ja,31,11.9,Reinhausen,11.9 m2,F,8.8,Genossenschaft,Fernwärme,Einbauküche,35,nein,39,INS-2026-87334,102
Kaltmiete: 463 €,False,2. OG,unmöbliert,10,6,13,09.02.2026,Frauen-WG,2013,4,2.0,93053,nein,17,22.7,Galgenberg,23 m²,E,4.7,Privat,Gasetagenheizung,keine,19,ja,116,INS-2026-19505,139
"309,00 EUR",False,1. OG,teilmöbliert,12,1,65,16.03.2026,Studenten-WG,1961,4,2.0,93055,ja,17,21.3,Ostenviertel,21 m²,C,7.6,Privat,Zentralheizung,Einbauküche,30,nein,168,INS-2026-72258,121
427,True,1. OG,unmöbliert,3,5,11,02.01.2026,Studenten-WG,2015,6,1.5,93059,ja,52,21.1,Reinhausen,21.1 m2,A,1.7,Genossenschaft,Nachtspeicher,keine,7,nein,132,INS-2026-58598,90
kalt 269€,True,1. OG,unmöbliert,6,6,30,17.06.2026,gemischt,1996,5,2.0,93049,ja,49,16.0,Karthaus-Prüll,16 m²,D,5.0,Privat,Öl,Pantry,20,ja,138,INS-2026-39057,124
548 warm,True,3. OG,möbliert,21,4,54,23.03.2026,gemischt,1972,1,3.0,93051,nein,35,19.9,Kumpfmühl,19.9 m2,G,2.6,Privat,Gasetagenheizung,Einbauküche,11,ja,186,INS-2026-31121,133
Kaltmiete: 334 €,False,4. OG,unmöbliert,6,2,94,14.01.2026,Frauen-WG,1932,6,3.0,93055,nein,33,25.4,Ostenviertel,25.4 m2,C,9.9,Privat,Nachtspeicher,Einbauküche,40,ja,257,INS-2026-24307,115
"338,00 EUR",False,3. OG,unmöbliert,16,7,46,09.04.2026,Berufstätigen-WG,1980,1,2.0,93053,ja,52,17.4,Kasernenviertel,"17,4 qm",A+,6.2,Privat,Zentralheizung,Einbauküche,24,nein,70,INS-2026-97697,56
352,True,EG,teilmöbliert,6,1,112,30.04.2026,Studenten-WG,1914,4,1.5,93051,ja,3,20.4,Königswiesen,20.4 m2,F,3.5,Privat,Öl,keine,14,ja,48,INS-2026-37416,76
217,False,DG,teilmöbliert,12,2,3,05.06.2026,Berufstätigen-WG,2023,2,2.5,93051,nein,38,19.4,Dechbetten,"19,4 qm",E,8.0,Privat,Gasetagenheizung,Einbauküche,32,nein,17,INS-2026-57353,160
368 warm,True,4. OG,möbliert,6,6,23,06.01.2026,Studenten-WG,2003,9,2.0,93051,nein,27,23.5,Dechbetten,23.5 m2,A+,7.1,Makler,Gasetagenheizung,Pantry,28,nein,241,INS-2026-94456,48
317 €,False,2. OG,unmöbliert,15,5,34,08.02.2026,Studenten-WG,1992,2,2.5,93053,ja,88,18.0,Kasernenviertel,18 m²,F,8.8,Privat,Zentralheizung,Pantry,35,ja,240,INS-2026-85480,175
327 warm,False,EG,möbliert,8,3,78,15.03.2026,Studenten-WG,1948,2,3.0,93053,nein,31,13.5,Kasernenviertel,14 m²,F,10.2,Privat,Gasetagenheizung,Einbauküche,40,nein,82,INS-2026-32697,76
"425,00 EUR",True,DG,teilmöbliert,9,6,98,27.03.2026,gemischt,1928,10,1.0,93053,nein,6,16.8,Kasernenviertel,17 m²,F,9.4,Genossenschaft,Fernwärme,Pantry,37,ja,66,INS-2026-80316,168
Kaltmiete: 332 €,False,1. OG,möbliert,18,4,57,26.01.2026,Studenten-WG,1969,1,3.0,93055,ja,52,20.9,Ostenviertel,20.9 m2,A+,7.5,Makler,Zentralheizung,Pantry,30,nein,210,INS-2026-39171,74
401 €,True,1. OG,teilmöbliert,24,7,13,23.03.2026,Berufstätigen-WG,2013,5,2.0,93049,nein,32,18.4,Westenviertel,18.4 m2,A,8.9,Makler,Gasetagenheizung,Einbauküche,36,nein,72,INS-2026-22044,54
202 €,False,2. OG,unmöbliert,25,3,62,14.03.2026,gemischt,1964,6,3.0,93053,ja,85,12.9,Kasernenviertel,"12,9 qm",F,10.1,Privat,Gasetagenheizung,Einbauküche,40,ja,172,INS-2026-24045,110
"194,00 EUR",False,4. OG,teilmöbliert,21,7,56,28.02.2026,gemischt,1970,5,3.0,93055,nein,27,17.2,Burgweinting,"17,2 qm",B,8.4,Privat,Gasetagenheizung,Einbauküche,34,nein,107,INS-2026-66376,64
437 €,False,Souterrain,unmöbliert,3,4,96,06.02.2026,Studenten-WG,1930,9,3.0,93053,nein,48,31.1,Galgenberg,31.1 m2,B,9.4,Privat,Fernwärme,Einbauküche,38,nein,256,INS-2026-48173,112
886 warm,True,1. OG,unmöbliert,16,5,123,18.02.2026,Studenten-WG,1903,7,1.0,93051,nein,12,30.2,Kumpfmühl,"30,2 qm",D,2.2,Privat,Öl,Einbauküche,9,nein,76,INS-2026-42010,171
261,True,4. OG,teilmöbliert,8,6,105,14.04.2026,Studenten-WG,1921,7,2.5,93049,nein,76,14.3,Westenviertel,14.3 m2,E,3.8,Privat,Fernwärme,Einbauküche,16,nein,26,INS-2026-95863,92
"250,00 EUR",False,3. OG,unmöbliert,19,1,56,04.02.2026,gemischt,1970,7,3.0,93059,ja,37,18.7,Reinhausen,18.7 m2,D,4.1,Privat,Zentralheizung,Einbauküche,16,ja,16,INS-2026-19288,96
248,True,2. OG,teilmöbliert,15,7,82,08.02.2026,Studenten-WG,1944,3,1.0,93055,ja,73,13.9,Burgweinting,14 m²,A+,11.3,Makler,Zentralheizung,Einbauküche,45,ja,133,INS-2026-63654,49
"398,00 EUR",False,4. OG,unmöbliert,21,4,74,12.05.2026,Studenten-WG,1952,6,2.0,93051,ja,58,27.0,Königswiesen,27 m²,F,8.8,Privat,Zentralheizung,Einbauküche,35,ja,4,INS-2026-72608,144
516 warm,True,Souterrain,teilmöbliert,11,6,11,22.02.2026,gemischt,2015,10,2.0,93055,nein,60,24.5,Ostenviertel,"24,5 qm",D,7.2,Privat,Öl,Einbauküche,29,nein,15,INS-2026-36484,107
364,True,1. OG,möbliert,4,3,85,12.02.2026,gemischt,1941,9,3.0,93051,nein,68,17.1,Kumpfmühl,17 m²,B,2.2,Privat,Gasetagenheizung,Einbauküche,9,nein,48,INS-2026-81323,138
221 €,False,3. OG,unmöbliert,9,2,63,18.01.2026,gemischt,1963,8,2.0,93049,nein,77,15.9,Großprüfening,15.9 m2,C,2.7,Privat,Gasetagenheizung,Pantry,12,ja,27,INS-2026-93217,71
197,False,Souterrain,unmöbliert,19,7,42,12.02.2026,gemischt,1984,10,1.5,93051,ja,7,16.3,Dechbetten,16 m²,E,10.9,Privat,Zentralheizung,Pantry,43,ja,26,INS-2026-10605,102
"353,00 EUR",False,1. OG,unmöbliert,17,5,57,25.03.2026,gemischt,1969,3,3.0,93055,ja,34,22.6,Ostenviertel,"22,6 qm",A,3.5,Genossenschaft,Pellet,Einbauküche,15,ja,167,INS-2026-51961,114
509 warm,True,EG,unmöbliert,21,7,88,07.01.2026,Studenten-WG,1938,4,1.0,93051,ja,42,20.1,Kumpfmühl,20 m²,E,2.8,Genossenschaft,Gasetagenheizung,Einbauküche,11,nein,151,INS-2026-57243,85
276,True,3. OG,möbliert,3,3,90,04.05.2026,Studenten-WG,1936,2,1.5,93049,ja,51,15.2,Großprüfening,15 m²,B,4.3,Makler,Pellet,Einbauküche,17,ja,279,INS-2026-40605,70
"327,00 EUR",True,1. OG,möbliert,25,5,100,02.03.2026,Studenten-WG,1926,5,2.0,93053,nein,68,14.6,Galgenberg,"14,6 qm",H,2.2,Genossenschaft,Nachtspeicher,Einbauküche,9,nein,212,INS-2026-99923,83
284 €,False,EG,unmöbliert,11,7,72,08.05.2026,Frauen-WG,1954,3,2.0,93055,ja,88,20.2,Ostenviertel,20 m²,C,6.1,Genossenschaft,Zentralheizung,keine,24,ja,91,INS-2026-12559,52
kalt 529€,False,1. OG,unmöbliert,23,6,89,05.01.2026,Studenten-WG,1937,10,2.5,93053,ja,22,28.5,Kasernenviertel,28 m²,G,3.9,Makler,Öl,Einbauküche,14,ja,118,INS-2026-71490,99
513 warm,True,3. OG,unmöbliert,4,1,41,23.06.2026,Studenten-WG,1985,6,2.0,93049,nein,46,23.6,Westenviertel,"23,6 qm",D,3.1,Privat,Gasetagenheizung,Einbauküche,13,ja,32,INS-2026-91771,76
Kaltmiete: 522 €,True,1. OG,teilmöbliert,20,5,82,22.05.2026,Männer-WG,1944,2,1.0,93053,nein,43,21.4,Galgenberg,"21,4 qm",E,3.2,Makler,Zentralheizung,Pantry,13,nein,124,INS-2026-47985,81
444 €,True,2. OG,möbliert,5,4,88,26.05.2026,Berufstätigen-WG,1938,5,2.0,93053,nein,86,21.6,Galgenberg,22 m²,D,8.1,Privat,Öl,Pantry,32,nein,17,INS-2026-45473,173
Kaltmiete: 374 €,True,1. OG,teilmöbliert,18,4,19,17.04.2026,gemischt,2007,7,3.0,93051,nein,47,22.5,Königswiesen,"22,5 qm",C,7.4,Privat,Zentralheizung,Einbauküche,30,nein,139,INS-2026-57557,154
510 warm,True,2. OG,unmöbliert,6,3,107,10.05.2026,gemischt,1919,2,1.0,93055,ja,79,22.2,Burgweinting,22 m²,C,3.8,Privat,Öl,Einbauküche,14,nein,115,INS-2026-71595,114
550 €,True,2. OG,unmöbliert,16,1,30,26.02.2026,gemischt,1996,2,1.5,93055,nein,6,30.7,Ostenviertel,30.7 m2,C,3.6,Privat,Gasetagenheizung,Einbauküche,15,ja,243,INS-2026-32413,137
331,False,Souterrain,unmöbliert,6,7,81,29.01.2026,Studenten-WG,1945,2,1.0,93055,nein,3,24.5,Ostenviertel,24.5 m2,D,8.2,Privat,Fernwärme,Einbauküche,33,nein,96,INS-2026-46069,67
493 warm,True,2. OG,unmöbliert,2,2,47,10.02.2026,Frauen-WG,1979,7,2.0,93053,ja,44,16.3,Kasernenviertel,"16,3 qm",C,1.1,Privat,Zentralheizung,Einbauküche,5,nein,172,INS-2026-30604,136
503 warm,False,EG,teilmöbliert,12,7,31,27.02.2026,gemischt,1995,10,3.0,93053,ja,74,17.0,Galgenberg,17.0 m2,H,11.6,Privat,Zentralheizung,Einbauküche,45,ja,70,INS-2026-67667,203
449,True,DG,unmöbliert,16,3,120,27.05.2026,Studenten-WG,1906,1,1.5,93053,ja,28,17.0,Galgenberg,"17,0 qm",A+,2.5,Genossenschaft,Gasetagenheizung,Einbauküche,10,ja,117,INS-2026-34392,110
348 €,False,2. OG,möbliert,4,6,66,09.03.2026,gemischt,1960,2,2.5,93059,nein,33,17.4,Stadtamhof,17 m²,G,5.9,Privat,Öl,Pantry,24,nein,211,INS-2026-14595,135
489 warm,False,3. OG,möbliert,19,1,66,14.01.2026,Studenten-WG,1960,1,3.0,93053,nein,87,23.9,Galgenberg,23.9 m2,H,1.8,Privat,Nachtspeicher,Pantry,7,ja,238,INS-2026-16126,67
234 kalt,False,4. OG,teilmöbliert,10,1,118,20.06.2026,Männer-WG,1908,9,2.0,93049,nein,81,17.2,Großprüfening,17 m²,D,4.5,Privat,Gasetagenheizung,Pantry,18,nein,37,INS-2026-72357,76
432,False,EG,teilmöbliert,9,2,99,23.01.2026,gemischt,1927,10,3.0,93053,nein,38,21.9,Galgenberg,"21,9 qm",F,4.5,Genossenschaft,Fernwärme,Pantry,18,nein,206,INS-2026-41301,162
"580,00 EUR",True,1. OG,teilmöbliert,3,4,24,26.01.2026,gemischt,2002,4,2.0,93047,ja,64,22.6,Innenstadt,23 m²,E,5.3,Genossenschaft,Zentralheizung,Pantry,21,ja,86,INS-2026-65844,164
329 €,True,3. OG,teilmöbliert,19,6,27,06.04.2026,gemischt,1999,8,3.0,93055,nein,16,19.9,Ostenviertel,19.9 m2,D,5.9,Privat,Zentralheizung,Pantry,24,ja,26,INS-2026-80936,128
289 €,True,EG,möbliert,15,2,80,11.02.2026,Studenten-WG,1946,10,2.5,93051,ja,89,20.5,Ziegetsdorf,20.5 m2,F,4.0,Privat,Zentralheizung,keine,16,ja,291,INS-2026-79899,107
Kaltmiete: 179 €,False,2. OG,unmöbliert,15,6,51,02.04.2026,gemischt,1975,8,3.0,93049,ja,50,15.5,Großprüfening,16 m²,C,7.6,Privat,Zentralheizung,Einbauküche,30,ja,281,INS-2026-60566,67
528 €,True,4. OG,unmöbliert,7,6,96,25.02.2026,Berufstätigen-WG,1930,8,1.0,93059,nein,9,18.6,Stadtamhof,18.6 m2,C,4.6,Privat,Fernwärme,Einbauküche,18,ja,63,INS-2026-10649,62
539,False,2. OG,unmöbliert,8,1,45,18.02.2026,Frauen-WG,1981,7,2.0,93053,ja,81,26.7,Galgenberg,26.7 m2,B,4.0,Privat,Fernwärme,Einbauküche,16,nein,242,INS-2026-74722,133
447 €,False,EG,möbliert,2,2,53,24.04.2026,Studenten-WG,1973,4,2.0,93053,nein,12,21.8,Galgenberg,22 m²,E,6.0,Privat,Zentralheizung,Pantry,23,nein,229,INS-2026-41731,164
"368,00 EUR",False,4. OG,teilmöbliert,13,5,120,18.01.2026,gemischt,1906,2,1.0,93059,nein,34,25.7,Reinhausen,25.7 m2,F,5.2,Genossenschaft,Nachtspeicher,keine,21,nein,295,INS-2026-28446,65
830 warm,False,2. OG,teilmöbliert,6,1,74,11.04.2026,Studenten-WG,1952,6,2.0,93047,nein,5,34.7,Innenstadt,35 m²,B,5.5,Privat,Nachtspeicher,Einbauküche,23,nein,168,INS-2026-66479,108
"337,00 EUR",False,DG,möbliert,25,1,59,04.01.2026,Studenten-WG,1967,6,3.0,93047,nein,17,18.7,Innenstadt,18.7 m2,A,10.4,Makler,Gasetagenheizung,Einbauküche,41,nein,249,INS-2026-78647,118
265 €,False,2. OG,unmöbliert,20,6,64,12.04.2026,Studenten-WG,1962,2,2.5,93051,nein,82,20.9,Königswiesen,20.9 m2,C,8.3,Privat,Gasetagenheizung,Einbauküche,33,ja,42,INS-2026-32650,114
224 €,False,1. OG,unmöbliert,6,2,8,21.01.2026,Männer-WG,2018,10,2.0,93051,nein,83,17.0,Ziegetsdorf,17 m²,F,10.5,Genossenschaft,Zentralheizung,Pantry,42,ja,265,INS-2026-99426,112
273 warm,False,1. OG,unmöbliert,6,3,71,27.05.2026,gemischt,1955,1,1.0,93051,nein,5,18.0,Dechbetten,18 m²,A+,2.5,Makler,Nachtspeicher,keine,11,ja,229,INS-2026-76746,53
401 €,True,4. OG,möbliert,18,1,125,29.04.2026,Männer-WG,1901,4,3.0,93051,nein,34,27.1,Ziegetsdorf,"27,1 qm",D,7.1,Privat,Gasetagenheizung,Einbauküche,29,ja,185,INS-2026-17430,92
440 €,True,EG,unmöbliert,3,2,7,29.06.2026,gemischt,2019,1,1.0,93053,ja,52,17.5,Kasernenviertel,"17,5 qm",F,7.2,Privat,Zentralheizung,Einbauküche,28,nein,120,INS-2026-44984,134
558 €,True,4. OG,unmöbliert,9,3,29,17.06.2026,gemischt,1997,9,2.0,93049,ja,84,28.6,Westenviertel,28.6 m2,B,3.1,Privat,Öl,keine,12,ja,89,INS-2026-35455,123
410 warm,True,3. OG,unmöbliert,24,7,47,13.06.2026,gemischt,1979,10,1.0,93049,ja,33,16.7,Westenviertel,17 m²,C,6.6,Privat,Pellet,Pantry,27,ja,229,INS-2026-42039,69
"361,00 EUR",True,EG,möbliert,25,3,4,04.04.2026,gemischt,2022,5,2.0,93049,nein,70,22.4,Großprüfening,22.4 m2,F,10.8,Privat,Zentralheizung,Pantry,44,nein,224,INS-2026-77006,155
452 warm,False,DG,teilmöbliert,21,2,10,25.05.2026,Frauen-WG,2016,3,2.0,93049,ja,48,21.1,Westenviertel,21.1 m2,E,4.6,Privat,Nachtspeicher,Einbauküche,18,nein,216,INS-2026-77753,72
386,False,4. OG,unmöbliert,19,3,78,04.04.2026,gemischt,1948,5,2.5,93047,nein,51,20.8,Innenstadt,20.8 m2,F,1.4,Privat,Fernwärme,Pantry,5,nein,210,INS-2026-48850,146
577,True,1. OG,teilmöbliert,3,6,107,02.01.2026,Studenten-WG,1919,7,1.0,93049,nein,69,24.5,Westenviertel,24 m²,C,2.2,Genossenschaft,Öl,Einbauküche,8,nein,167,INS-2026-56719,98
469 warm,True,2. OG,unmöbliert,11,1,120,24.05.2026,gemischt,1906,7,1.0,93049,nein,77,16.3,Westenviertel,16 m²,E,3.2,Privat,Gasetagenheizung,Einbauküche,14,ja,156,INS-2026-46681,121
350 €,False,3. OG,unmöbliert,10,6,93,02.01.2026,gemischt,1933,9,3.0,93053,ja,12,22.3,Kasernenviertel,22 m²,D,5.6,Makler,Öl,Pantry,22,nein,74,INS-2026-33743,122
369,False,EG,unmöbliert,3,5,49,12.06.2026,Berufstätigen-WG,1977,2,3.0,93051,ja,39,34.3,Ziegetsdorf,"34,3 qm",F,10.9,Privat,Öl,Einbauküche,44,ja,56,INS-2026-67781,106
Kaltmiete: 244 €,True,1. OG,möbliert,23,2,32,14.06.2026,Studenten-WG,1994,1,2.0,93055,nein,25,14.9,Burgweinting,15 m²,C,9.3,Privat,Zentralheizung,Einbauküche,38,nein,62,INS-2026-33820,112
644 warm,True,EG,unmöbliert,19,6,5,05.05.2026,gemischt,2021,8,2.0,93053,ja,65,19.8,Kasernenviertel,19.8 m2,C,10.0,Privat,Zentralheizung,Pantry,39,nein,134,INS-2026-35600,148
"286,00 EUR",True,EG,möbliert,13,6,34,03.05.2026,gemischt,1992,3,2.5,93051,nein,37,15.0,Kumpfmühl,"15,0 qm",D,9.0,Makler,Zentralheizung,Einbauküche,36,ja,127,INS-2026-93425,103
314,False,1. OG,unmöbliert,15,2,87,25.04.2026,Männer-WG,1939,10,3.0,93051,ja,90,22.7,Königswiesen,"22,7 qm",C,3.5,Privat,Nachtspeicher,Pantry,14,ja,239,INS-2026-55443,56
413 warm,False,2. OG,möbliert,21,3,63,08.02.2026,gemischt,1963,9,2.0,93051,nein,22,18.7,Königswiesen,19 m²,G,8.7,Genossenschaft,Gasetagenheizung,Pantry,35,ja,132,INS-2026-26800,133
643 warm,True,EG,teilmöbliert,9,1,56,09.04.2026,Studenten-WG,1970,5,1.0,93053,ja,41,21.5,Kasernenviertel,"21,5 qm",H,4.3,Privat,Zentralheizung,Einbauküche,17,ja,182,INS-2026-33461,197
263,False,EG,teilmöbliert,15,6,105,24.03.2026,Studenten-WG,1921,3,3.0,93047,nein,90,11.6,Innenstadt,12 m²,A+,7.1,Makler,Gasetagenheizung,Pantry,29,nein,158,INS-2026-25323,65
"320,00 EUR",False,1. OG,teilmöbliert,11,6,101,22.05.2026,Studenten-WG,1925,1,3.0,93051,ja,76,17.2,Kumpfmühl,17.2 m2,F,7.7,Privat,Zentralheizung,Pantry,30,nein,188,INS-2026-47651,110
"329,00 EUR",False,Souterrain,teilmöbliert,18,1,58,28.06.2026,Studenten-WG,1968,8,2.0,93059,ja,86,24.9,Reinhausen,25 m²,E,4.2,Makler,Fernwärme,Pantry,17,nein,250,INS-2026-19148,89
300 kalt,False,4. OG,unmöbliert,13,7,81,10.05.2026,gemischt,1945,3,2.0,93049,ja,87,19.8,Westenviertel,19.8 m2,B,3.7,Privat,Öl,keine,16,nein,192,INS-2026-96404,105
520,False,2. OG,unmöbliert,24,6,48,26.03.2026,Studenten-WG,1978,4,2.0,93051,nein,61,30.6,Kumpfmühl,"30,6 qm",A,7.1,Privat,Gasetagenheizung,Pantry,28,ja,27,INS-2026-69396,135
kalt 252€,True,4. OG,teilmöbliert,7,4,70,14.04.2026,Frauen-WG,1956,10,1.5,93049,ja,1,15.5,Großprüfening,15.5 m2,A,2.8,Genossenschaft,Zentralheizung,Pantry,12,ja,294,INS-2026-82834,101
418,True,DG,unmöbliert,4,2,10,05.05.2026,Frauen-WG,2016,10,2.0,93059,ja,48,20.2,Reinhausen,20 m²,C,2.9,Makler,Gasetagenheizung,Einbauküche,11,ja,17,INS-2026-20759,93
543 €,True,2. OG,unmöbliert,15,7,78,15.02.2026,Berufstätigen-WG,1948,3,2.0,93053,ja,81,26.1,Galgenberg,26 m²,D,11.4,Makler,Fernwärme,Pantry,45,ja,141,INS-2026-73778,150
kalt 173€,False,Souterrain,unmöbliert,2,6,71,29.03.2026,Frauen-WG,1955,1,2.0,93049,nein,20,14.1,Großprüfening,"14,1 qm",C,1.7,Privat,Öl,Pantry,7,ja,41,INS-2026-51281,157
378 €,False,4. OG,unmöbliert,16,6,53,19.04.2026,gemischt,1973,1,2.0,93059,nein,53,23.5,Stadtamhof,"23,5 qm",B,7.4,Makler,Zentralheizung,Pantry,30,nein,195,INS-2026-18853,108
218 €,False,3. OG,unmöbliert,5,7,17,28.02.2026,Männer-WG,2009,8,3.0,93051,nein,90,15.2,Königswiesen,"15,2 qm",A,3.6,Privat,Gasetagenheizung,keine,14,ja,113,INS-2026-46155,115
"237,00 EUR",True,2. OG,möbliert,2,1,102,01.04.2026,Studenten-WG,1924,2,2.0,93053,ja,4,11.3,Kasernenviertel,11 m²,H,4.3,Privat,Zentralheizung,keine,17,nein,265,INS-2026-79710,115
302 kalt,True,DG,möbliert,4,5,80,17.05.2026,gemischt,1946,1,1.5,93049,ja,30,17.1,Großprüfening,17.1 m2,D,3.5,Makler,Nachtspeicher,Einbauküche,15,ja,0,INS-2026-19439,86
"431,00 EUR",False,4. OG,teilmöbliert,20,1,92,08.05.2026,gemischt,1934,7,2.0,93047,nein,12,23.1,Innenstadt,23.1 m2,E,5.7,Makler,Nachtspeicher,Pantry,24,nein,62,INS-2026-93577,139
528,False,1. OG,unmöbliert,11,4,80,15.06.2026,Berufstätigen-WG,1946,7,1.5,93053,ja,62,26.6,Galgenberg,"26,6 qm",F,10.2,Privat,Gasetagenheizung,keine,40,ja,38,INS-2026-12988,163
Kaltmiete: 193 €,False,EG,unmöbliert,13,5,48,07.01.2026,Männer-WG,1978,10,2.0,93051,ja,21,14.6,Königswiesen,14.6 m2,E,7.1,Makler,Gasetagenheizung,Einbauküche,29,nein,67,INS-2026-75920,98
352,False,Souterrain,möbliert,3,6,119,13.06.2026,gemischt,1907,10,3.0,93055,ja,53,22.4,Ostenviertel,22 m²,D,6.6,Privat,Öl,keine,26,ja,287,INS-2026-21322,87
520 warm,True,EG,möbliert,14,3,126,08.01.2026,Studenten-WG,1900,10,3.0,93051,ja,88,21.3,Königswiesen,21.3 m2,E,4.7,Privat,Gasetagenheizung,Einbauküche,18,ja,86,INS-2026-95344,118
252,False,2. OG,unmöbliert,11,2,117,01.01.2026,gemischt,1909,8,3.0,93051,nein,81,18.0,Königswiesen,18.0 m2,F,8.8,Privat,Gasetagenheizung,Einbauküche,35,ja,112,INS-2026-62574,145
416 €,False,DG,unmöbliert,2,5,24,23.06.2026,gemischt,2002,10,2.0,93049,ja,84,33.1,Großprüfening,"33,1 qm",A+,7.5,Privat,Gasetagenheizung,Einbauküche,30,nein,131,INS-2026-62159,97
443 warm,False,2. OG,teilmöbliert,5,2,66,29.04.2026,gemischt,1960,2,3.0,93047,nein,25,21.9,Innenstadt,21.9 m2,H,9.6,Privat,Nachtspeicher,Einbauküche,39,ja,271,INS-2026-88297,71
"373,00 EUR",True,4. OG,teilmöbliert,10,2,116,21.04.2026,Studenten-WG,1910,7,2.5,93055,nein,23,25.7,Burgweinting,"25,7 qm",E,4.7,Privat,Zentralheizung,Pantry,19,nein,9,INS-2026-83337,169
445 warm,False,4. OG,teilmöbliert,9,5,87,17.04.2026,Studenten-WG,1939,10,2.0,93051,nein,51,19.0,Königswiesen,19 m²,H,7.0,Privat,Zentralheizung,Einbauküche,27,ja,274,INS-2026-63094,146
558,True,1. OG,möbliert,18,7,114,18.06.2026,Berufstätigen-WG,1912,7,1.5,93055,ja,58,23.9,Ostenviertel,"23,9 qm",F,5.5,Makler,Gasetagenheizung,Einbauküche,22,nein,161,INS-2026-24798,80
"691,00 EUR",True,2. OG,unmöbliert,2,6,99,10.06.2026,Studenten-WG,1927,1,2.0,93047,nein,16,26.2,Innenstadt,26 m²,C,4.7,Makler,Zentralheizung,Einbauküche,19,ja,26,INS-2026-85036,138
442 warm,False,4. OG,unmöbliert,14,3,97,04.01.2026,Studenten-WG,1929,5,2.0,93055,nein,47,23.7,Ostenviertel,23.7 m2,A+,10.9,Makler,Zentralheizung,Einbauküche,44,nein,148,INS-2026-10082,87
153 warm,False,EG,unmöbliert,22,4,29,14.03.2026,gemischt,1997,10,2.0,93049,nein,89,15.3,Westenviertel,"15,3 qm",E,7.9,Privat,Zentralheizung,Einbauküche,32,nein,227,INS-2026-20294,126
422 warm,True,2. OG,möbliert,12,5,43,12.06.2026,gemischt,1983,7,1.0,93059,nein,78,18.4,Reinhausen,18 m²,A,7.2,Privat,Öl,Einbauküche,30,ja,254,INS-2026-32795,90
524 warm,True,1. OG,unmöbliert,22,4,33,08.06.2026,Studenten-WG,1993,6,1.5,93051,nein,82,21.1,Königswiesen,21.1 m2,G,3.5,Privat,Zentralheizung,Einbauküche,15,ja,128,INS-2026-71237,147
319,True,2. OG,möbliert,25,5,122,24.03.2026,Studenten-WG,1904,5,3.0,93053,ja,67,13.8,Kasernenviertel,13.8 m2,G,4.4,Privat,Zentralheizung,Einbauküche,18,nein,286,INS-2026-69083,115
kalt 660€,True,1. OG,teilmöbliert,15,5,39,31.05.2026,Studenten-WG,1987,1,1.5,93051,nein,87,29.6,Kumpfmühl,"29,6 qm",A,2.4,Privat,Zentralheizung,Einbauküche,10,nein,81,INS-2026-32131,52
525 warm,True,DG,möbliert,9,1,126,28.01.2026,gemischt,1900,6,3.0,93049,nein,8,26.5,Großprüfening,26.5 m2,E,6.1,Makler,Gasetagenheizung,Einbauküche,25,ja,141,INS-2026-43400,116
379,False,1. OG,unmöbliert,22,5,99,19.05.2026,Studenten-WG,1927,4,2.5,93051,nein,80,23.5,Königswiesen,"23,5 qm",E,5.7,Privat,Gasetagenheizung,Einbauküche,22,nein,193,INS-2026-81853,67
377 warm,False,2. OG,teilmöbliert,15,7,28,21.02.2026,Studenten-WG,1998,6,3.0,93049,ja,37,15.7,Karthaus-Prüll,16 m²,B,6.6,Makler,Öl,Einbauküche,26,ja,148,INS-2026-97688,137
315 €,True,EG,unmöbliert,23,6,124,03.05.2026,Studenten-WG,1902,1,1.0,93051,ja,3,21.8,Dechbetten,22 m²,B,1.3,Makler,Öl,Pantry,5,nein,222,INS-2026-27261,72
kalt 624€,True,2. OG,unmöbliert,11,3,5,16.02.2026,Berufstätigen-WG,2021,1,1.0,93055,nein,21,30.2,Ostenviertel,30.2 m2,D,2.3,Privat,Zentralheizung,Einbauküche,9,nein,149,INS-2026-47390,122
"584,00 EUR",True,3. OG,teilmöbliert,23,2,114,08.01.2026,gemischt,1912,3,2.0,93059,nein,86,24.8,Stadtamhof,"24,8 qm",E,6.7,Privat,Öl,Einbauküche,26,nein,55,INS-2026-76153,106
638 warm,True,DG,teilmöbliert,21,5,35,10.01.2026,gemischt,1991,8,1.0,93049,nein,59,26.1,Großprüfening,26 m²,D,3.3,Makler,Zentralheizung,Pantry,13,ja,292,INS-2026-47076,135
Kaltmiete: 238 €,False,2. OG,unmöbliert,3,6,51,21.06.2026,gemischt,1975,5,2.5,93051,ja,80,14.7,Königswiesen,14.7 m2,F,1.5,Privat,Zentralheizung,Pantry,5,ja,253,INS-2026-42460,147
323,False,DG,unmöbliert,21,2,77,15.05.2026,Frauen-WG,1949,1,1.0,93053,nein,43,17.5,Kasernenviertel,"17,5 qm",E,2.6,Privat,Fernwärme,Einbauküche,10,nein,116,INS-2026-11118,77
411 €,False,EG,unmöbliert,3,1,52,27.06.2026,gemischt,1974,5,2.0,93047,ja,21,19.1,Innenstadt,19.1 m2,E,5.2,Privat,Fernwärme,Einbauküche,21,ja,103,INS-2026-41383,139
"302,00 EUR",False,3. OG,teilmöbliert,20,7,41,21.03.2026,gemischt,1985,4,3.0,93049,nein,10,19.7,Westenviertel,20 m²,F,3.4,Makler,Zentralheizung,Pantry,13,ja,215,INS-2026-35771,83
332,False,3. OG,teilmöbliert,8,2,90,12.02.2026,Studenten-WG,1936,8,3.0,93053,nein,71,18.3,Galgenberg,18.3 m2,D,4.1,Makler,Zentralheizung,keine,16,nein,121,INS-2026-98572,163
"286,00 EUR",True,3. OG,unmöbliert,9,6,107,22.02.2026,gemischt,1919,5,1.0,93051,nein,16,20.6,Dechbetten,21 m²,B,10.1,Makler,Öl,Pantry,40,nein,57,INS-2026-85294,67
497 warm,True,1. OG,teilmöbliert,5,4,113,02.01.2026,Studenten-WG,1913,4,2.0,93051,nein,16,20.8,Kumpfmühl,"20,8 qm",D,9.0,Makler,Zentralheizung,Pantry,36,ja,222,INS-2026-77905,75
286,False,2. OG,unmöbliert,13,7,77,02.03.2026,gemischt,1949,4,1.5,93053,nein,74,15.0,Kasernenviertel,"15,0 qm",E,6.7,Privat,Zentralheizung,Pantry,27,nein,119,INS-2026-78135,139
"433,00 EUR",False,EG,unmöbliert,10,2,49,10.04.2026,Berufstätigen-WG,1977,4,2.0,93049,ja,4,26.9,Karthaus-Prüll,"26,9 qm",F,6.9,Privat,Gasetagenheizung,Pantry,28,nein,57,INS-2026-30323,153
Kaltmiete: 363 €,True,1. OG,möbliert,6,7,45,12.06.2026,Berufstätigen-WG,1981,6,2.0,93053,ja,57,16.9,Kasernenviertel,17 m²,F,6.5,Privat,Öl,Pantry,26,nein,23,INS-2026-93280,182
451,True,1. OG,möbliert,3,1,57,15.03.2026,Studenten-WG,1969,9,2.0,93059,ja,38,28.0,Reinhausen,"28,0 qm",E,10.6,Makler,Zentralheizung,Pantry,42,nein,145,INS-2026-45244,109
211,False,EG,möbliert,22,3,57,31.05.2026,gemischt,1969,4,2.0,93051,nein,28,17.1,Ziegetsdorf,17.1 m2,H,10.6,Privat,Zentralheizung,Pantry,42,ja,213,INS-2026-10327,116
287,True,2. OG,teilmöbliert,10,3,2,07.04.2026,gemischt,2024,8,2.5,93055,nein,71,17.5,Burgweinting,18 m²,E,2.9,Makler,Gasetagenheizung,Einbauküche,12,nein,96,INS-2026-95339,87
519,True,DG,möbliert,13,2,50,02.03.2026,gemischt,1976,7,1.0,93059,nein,60,16.2,Stadtamhof,"16,2 qm",G,4.2,Makler,Fernwärme,Einbauküche,17,ja,274,INS-2026-18962,72
644 warm,True,EG,teilmöbliert,4,4,23,31.05.2026,Studenten-WG,2003,7,2.0,93051,nein,24,25.9,Kumpfmühl,"25,9 qm",C,2.9,Makler,Pellet,Einbauküche,11,nein,165,INS-2026-89547,81
"339,00 EUR",False,1. OG,unmöbliert,21,5,44,01.06.2026,Männer-WG,1982,7,2.0,93055,ja,87,26.0,Ostenviertel,"26,0 qm",D,10.4,Privat,Nachtspeicher,Einbauküche,41,ja,213,INS-2026-17022,127
545 warm,True,4. OG,unmöbliert,19,2,121,01.06.2026,gemischt,1905,2,2.0,93049,ja,48,22.0,Karthaus-Prüll,"22,0 qm",D,8.1,Makler,Fernwärme,Einbauküche,32,ja,8,INS-2026-31152,128
"343,00 EUR",False,4. OG,unmöbliert,13,5,76,26.02.2026,gemischt,1950,5,1.5,93047,nein,29,15.2,Innenstadt,"15,2 qm",A+,3.7,Privat,Nachtspeicher,keine,15,ja,246,INS-2026-36627,74
"386,00 EUR",False,2. OG,unmöbliert,3,3,63,18.01.2026,gemischt,1963,9,1.5,93049,ja,16,22.5,Westenviertel,"22,5 qm",E,6.6,Privat,Zentralheizung,Pantry,27,nein,287,INS-2026-89032,132
kalt 383€,True,DG,möbliert,12,1,47,09.02.2026,gemischt,1979,4,3.0,93051,ja,39,19.0,Kumpfmühl,"19,0 qm",A+,10.3,Privat,Gasetagenheizung,Einbauküche,42,ja,279,INS-2026-48415,55
408,True,DG,teilmöbliert,7,3,18,27.03.2026,gemischt,2008,8,2.0,93053,ja,49,16.9,Galgenberg,17 m²,F,5.1,Privat,Gasetagenheizung,Pantry,20,ja,234,INS-2026-48858,163
257 warm,True,1. OG,unmöbliert,19,7,37,06.04.2026,Studenten-WG,1989,9,2.0,93055,ja,88,13.5,Burgweinting,14 m²,B,7.3,Privat,Fernwärme,Einbauküche,29,nein,262,INS-2026-49335,59
251,False,4. OG,unmöbliert,20,5,40,25.01.2026,Studenten-WG,1986,10,3.0,93053,nein,78,18.7,Kasernenviertel,"18,7 qm",C,9.5,Privat,Öl,Einbauküche,38,nein,125,INS-2026-23763,106
Kaltmiete: 244 €,True,4. OG,möbliert,23,7,103,17.04.2026,Berufstätigen-WG,1923,8,1.5,93051,ja,8,13.7,Königswiesen,"13,7 qm",H,9.1,Privat,Zentralheizung,Pantry,36,nein,213,INS-2026-82762,143
"601,00 EUR",True,3. OG,möbliert,11,2,126,16.01.2026,Frauen-WG,1900,2,1.5,93053,nein,78,20.5,Kasernenviertel,20 m²,E,1.3,Makler,Gasetagenheizung,keine,6,ja,299,INS-2026-94061,111
377 warm,False,2. OG,unmöbliert,20,1,32,05.04.2026,gemischt,1994,7,3.0,93051,ja,42,16.0,Kumpfmühl,16 m²,C,9.7,Privat,Fernwärme,Pantry,38,ja,23,INS-2026-64797,87
231,False,3. OG,unmöbliert,22,2,18,12.04.2026,Frauen-WG,2008,6,3.0,93059,nein,27,18.8,Reinhausen,"18,8 qm",E,6.5,Privat,Fernwärme,Pantry,26,nein,63,INS-2026-89853,161
258 €,False,EG,teilmöbliert,12,7,4,16.06.2026,Berufstätigen-WG,2022,2,3.0,93049,nein,59,19.0,Großprüfening,"19,0 qm",D,9.0,Privat,Zentralheizung,Einbauküche,36,ja,108,INS-2026-74464,147
224 kalt,False,2. OG,unmöbliert,13,6,71,29.04.2026,Studenten-WG,1955,10,1.0,93053,ja,44,12.0,Galgenberg,12 m²,C,10.1,Makler,Zentralheizung,keine,42,nein,281,INS-2026-78302,84
40 €,True,DG,möbliert,16,6,75,03.04.2026,gemischt,1951,7,1.0,93049,ja,68,21.9,Großprüfening,"21,9 qm",A+,10.1,Makler,Zentralheizung,Einbauküche,40,ja,189,INS-2026-79680,126
543 warm,True,1. OG,möbliert,23,3,115,01.02.2026,Frauen-WG,1911,10,2.0,93049,ja,16,18.6,Karthaus-Prüll,19 m²,G,11.5,Makler,Pellet,Einbauküche,45,nein,126,INS-2026-78564,179
"482,00 EUR",True,DG,unmöbliert,8,3,23,21.04.2026,gemischt,2003,2,2.0,93053,nein,40,23.4,Galgenberg,23 m²,C,7.8,Makler,Gasetagenheizung,keine,32,ja,279,INS-2026-63531,96
245,False,1. OG,teilmöbliert,23,4,4,19.03.2026,gemischt,2022,5,3.0,93059,nein,43,16.7,Reinhausen,16.7 m2,F,7.5,Makler,Gasetagenheizung,keine,30,ja,61,INS-2026-15717,91
192 €,False,2. OG,unmöbliert,6,6,93,24.05.2026,Frauen-WG,1933,6,3.0,93051,ja,73,15.4,Ziegetsdorf,15 m²,F,9.0,Privat,Gasetagenheizung,Einbauküche,36,ja,289,INS-2026-33790,93
484 warm,True,1. OG,möbliert,9,2,113,07.02.2026,Studenten-WG,1913,6,3.0,93051,ja,29,23.1,Königswiesen,23 m²,B,9.1,Genossenschaft,Gasetagenheizung,Einbauküche,37,nein,107,INS-2026-54742,84
445 €,True,2. OG,unmöbliert,19,1,24,19.05.2026,Frauen-WG,2002,1,2.0,93051,nein,72,24.1,Königswiesen,24 m²,C,1.3,Genossenschaft,Pellet,Einbauküche,5,ja,139,INS-2026-57519,88
459 warm,False,3. OG,unmöbliert,20,6,87,12.05.2026,Berufstätigen-WG,1939,7,2.0,93051,ja,15,19.9,Kumpfmühl,20 m²,F,8.8,Privat,Zentralheizung,Einbauküche,35,nein,187,INS-2026-15027,133
609 €,True,EG,möbliert,14,7,101,01.05.2026,gemischt,1925,7,1.5,93059,ja,12,17.6,Stadtamhof,17.6 m2,B,3.8,Makler,Fernwärme,Einbauküche,14,nein,169,INS-2026-23585,142
"444,00 EUR",False,2. OG,unmöbliert,3,1,64,14.04.2026,Studenten-WG,1962,4,3.0,93047,ja,26,20.6,Innenstadt,20.6 m2,E,1.8,Privat,Zentralheizung,Pantry,7,ja,228,INS-2026-50739,89
663 warm,True,4. OG,möbliert,11,6,12,18.03.2026,Studenten-WG,2014,9,1.0,93059,nein,21,27.0,Reinhausen,"27,0 qm",B,6.7,Privat,Fernwärme,Einbauküche,27,ja,74,INS-2026-72386,79
321,True,EG,unmöbliert,3,4,33,28.03.2026,gemischt,1993,6,1.0,93051,ja,43,20.3,Ziegetsdorf,20 m²,B,8.8,Privat,Zentralheizung,Einbauküche,35,nein,158,INS-2026-42588,127
365 €,True,3. OG,unmöbliert,5,2,14,31.01.2026,Berufstätigen-WG,2012,10,2.0,93055,nein,78,23.5,Burgweinting,24 m²,B,4.5,Privat,Zentralheizung,Einbauküche,18,nein,89,INS-2026-40134,146
454 €,False,1. OG,unmöbliert,18,2,105,17.05.2026,gemischt,1921,2,2.0,93051,ja,19,28.0,Königswiesen,28 m²,B,10.5,Privat,Öl,Einbauküche,42,ja,171,INS-2026-18868,105
445,True,1. OG,möbliert,20,2,30,03.05.2026,gemischt,1996,1,1.0,93055,nein,88,23.7,Burgweinting,"23,7 qm",E,4.5,Privat,Zentralheizung,Einbauküche,18,ja,237,INS-2026-67315,116
211,False,DG,unmöbliert,5,5,56,14.06.2026,gemischt,1970,2,2.0,93055,nein,87,19.2,Burgweinting,"19,2 qm",C,5.0,Privat,Zentralheizung,keine,19,nein,218,INS-2026-40079,155
405 €,True,1. OG,teilmöbliert,23,6,50,12.03.2026,gemischt,1976,6,1.5,93051,nein,18,20.7,Kumpfmühl,20.7 m2,E,8.9,Privat,Gasetagenheizung,Einbauküche,36,nein,138,INS-2026-40933,151
361 €,False,EG,unmöbliert,13,3,51,01.03.2026,Studenten-WG,1975,2,3.0,93053,nein,41,22.1,Kasernenviertel,22 m²,B,9.6,Privat,Fernwärme,Pantry,38,nein,6,INS-2026-94611,133
709,True,2. OG,unmöbliert,15,6,91,06.01.2026,Frauen-WG,1935,7,2.0,93047,ja,5,28.6,Innenstadt,"28,6 qm",E,7.1,Makler,Fernwärme,Pantry,28,nein,160,INS-2026-74448,138
804 warm,True,1. OG,teilmöbliert,18,7,87,16.01.2026,Studenten-WG,1939,6,1.0,93051,ja,61,27.7,Kumpfmühl,28 m²,D,7.8,Privat,Zentralheizung,Einbauküche,31,ja,244,INS-2026-90733,150
436,False,1. OG,unmöbliert,15,2,90,25.02.2026,gemischt,1936,7,2.0,93047,ja,89,21.3,Innenstadt,"21,3 qm",D,11.4,Makler,Zentralheizung,Pantry,45,ja,128,INS-2026-70526,89
"303,00 EUR",False,DG,teilmöbliert,19,4,46,20.01.2026,Studenten-WG,1980,3,2.0,93051,ja,25,27.6,Dechbetten,27.6 m2,H,8.9,Privat,Zentralheizung,Einbauküche,37,nein,166,INS-2026-92308,168
338 €,False,EG,möbliert,7,5,46,13.03.2026,Studenten-WG,1980,9,3.0,93047,ja,82,16.5,Innenstadt,"16,5 qm",H,9.9,Privat,Öl,Einbauküche,39,ja,257,INS-2026-53461,174
258,False,Souterrain,unmöbliert,10,4,115,19.03.2026,Studenten-WG,1911,2,1.0,93051,ja,9,16.1,Königswiesen,"16,1 qm",B,11.6,Privat,Gasetagenheizung,Einbauküche,45,nein,231,INS-2026-69811,132
668 warm,True,DG,teilmöbliert,4,5,23,21.05.2026,Studenten-WG,2003,7,2.0,93053,ja,20,27.6,Kasernenviertel,"27,6 qm",G,7.9,Privat,Zentralheizung,Pantry,32,ja,33,INS-2026-92640,71
334 €,False,3. OG,möbliert,23,3,40,02.04.2026,gemischt,1986,1,3.0,93055,ja,41,21.0,Ostenviertel,21.0 m2,C,8.0,Privat,Zentralheizung,Einbauküche,31,ja,231,INS-2026-40204,80
471 €,True,2. OG,möbliert,25,3,18,17.04.2026,gemischt,2008,2,2.0,93053,nein,34,20.0,Galgenberg,"20,0 qm",C,7.7,Privat,Pellet,Einbauküche,31,ja,138,INS-2026-56002,90
335,False,EG,unmöbliert,3,4,75,09.02.2026,Berufstätigen-WG,1951,6,3.0,93059,ja,35,23.0,Reinhausen,"23,0 qm",D,7.9,Privat,Zentralheizung,Pantry,31,nein,57,INS-2026-35712,151
Kaltmiete: 308 €,True,3. OG,unmöbliert,8,1,97,06.05.2026,Frauen-WG,1929,4,2.0,93055,nein,77,20.2,Burgweinting,"20,2 qm",E,1.7,Makler,Öl,Einbauküche,7,nein,72,INS-2026-26135,67
203,True,1. OG,unmöbliert,2,3,40,05.06.2026,Studenten-WG,1986,6,1.5,93055,ja,9,13.3,Burgweinting,13 m²,D,5.5,Privat,Gasetagenheizung,Pantry,22,nein,214,INS-2026-33812,57
295 €,False,2. OG,teilmöbliert,21,7,59,09.05.2026,gemischt,1967,8,3.0,93053,ja,15,16.6,Kasernenviertel,17 m²,E,10.6,Privat,Gasetagenheizung,Pantry,43,ja,171,INS-2026-98035,163
389 €,True,1. OG,möbliert,7,2,22,16.01.2026,gemischt,2004,3,2.5,93055,ja,11,24.6,Burgweinting,"24,6 qm",D,4.9,Makler,Zentralheizung,keine,20,ja,290,INS-2026-88043,69
kalt 627€,False,DG,möbliert,16,5,83,12.02.2026,Studenten-WG,1943,9,1.0,93047,nein,84,27.7,Innenstadt,27.7 m2,C,8.6,Privat,Zentralheizung,Einbauküche,34,nein,106,INS-2026-14368,156
244 kalt,False,1. OG,unmöbliert,15,7,70,21.05.2026,gemischt,1956,5,2.0,93055,ja,21,18.1,Ostenviertel,18 m²,E,8.7,Makler,Nachtspeicher,Einbauküche,34,nein,32,INS-2026-28086,61
"605,00 EUR",True,3. OG,unmöbliert,4,7,103,27.02.2026,gemischt,1923,1,2.0,93053,nein,19,29.0,Kasernenviertel,29.0 m2,B,7.3,Privat,Zentralheizung,Einbauküche,29,nein,197,INS-2026-51604,129
141 €,False,2. OG,unmöbliert,8,6,80,21.05.2026,gemischt,1946,5,2.0,93049,nein,12,12.4,Großprüfening,12.4 m2,E,9.7,Privat,Nachtspeicher,keine,39,ja,133,INS-2026-27465,111
248 €,False,2. OG,unmöbliert,21,6,88,01.06.2026,Frauen-WG,1938,3,1.5,93051,ja,32,19.5,Ziegetsdorf,19.5 m2,F,1.6,Makler,Nachtspeicher,Pantry,7,nein,39,INS-2026-46880,89
608 €,True,EG,unmöbliert,12,1,7,08.05.2026,Studenten-WG,2019,10,2.0,93049,nein,40,31.6,Westenviertel,"31,6 qm",E,7.2,Makler,Gasetagenheizung,Einbauküche,28,nein,89,INS-2026-15408,156
502 warm,False,3. OG,unmöbliert,12,5,22,16.02.2026,gemischt,2004,1,2.0,93047,nein,54,16.6,Innenstadt,"16,6 qm",E,7.8,Makler,Gasetagenheizung,Einbauküche,32,nein,288,INS-2026-42887,143
206,False,EG,teilmöbliert,11,3,93,02.06.2026,gemischt,1933,7,2.0,93055,nein,86,13.4,Ostenviertel,13.4 m2,B,5.5,Makler,Gasetagenheizung,Pantry,22,ja,90,INS-2026-53454,48
332,False,1. OG,unmöbliert,2,1,42,07.02.2026,Männer-WG,1984,6,2.0,93053,nein,82,17.0,Galgenberg,17.0 m2,B,1.5,Privat,Öl,keine,7,nein,125,INS-2026-42940,111
Kaltmiete: 235 €,True,4. OG,unmöbliert,19,5,75,05.04.2026,Studenten-WG,1951,3,2.0,93055,ja,75,16.6,Burgweinting,17 m²,G,9.4,Makler,Zentralheizung,Einbauküche,37,ja,188,INS-2026-56770,63
388 kalt,False,EG,unmöbliert,5,6,58,31.01.2026,gemischt,1968,10,1.5,93051,ja,89,29.3,Dechbetten,"29,3 qm",C,11.2,Privat,Pellet,Einbauküche,45,ja,131,INS-2026-26162,68
307 warm,True,3. OG,möbliert,4,3,41,05.04.2026,Berufstätigen-WG,1985,9,2.0,93051,ja,85,11.0,Dechbetten,"11,0 qm",G,3.5,Genossenschaft,Gasetagenheizung,Einbauküche,14,ja,147,INS-2026-52068,120
"454,00 EUR",False,DG,unmöbliert,15,2,28,25.01.2026,Studenten-WG,1998,10,2.0,93047,ja,51,23.4,Innenstadt,"23,4 qm",F,7.0,Privat,Zentralheizung,keine,27,nein,60,INS-2026-62436,141
"353,00 EUR",True,3. OG,teilmöbliert,21,1,31,24.05.2026,gemischt,1995,10,2.0,93049,nein,10,20.2,Karthaus-Prüll,20.2 m2,B,4.5,Privat,Gasetagenheizung,Einbauküche,18,nein,279,INS-2026-59037,93
kalt 569€,True,2. OG,möbliert,12,4,10,27.01.2026,Frauen-WG,2016,3,3.0,93053,ja,20,22.5,Galgenberg,"22,5 qm",B,1.2,Privat,Gasetagenheizung,Pantry,6,nein,105,INS-2026-33464,91
391,True,Souterrain,möbliert,20,2,123,04.03.2026,Frauen-WG,1903,5,2.0,93053,nein,13,17.0,Kasernenviertel,17 m²,G,3.8,Genossenschaft,Zentralheizung,Einbauküche,15,nein,143,INS-2026-49766,186
"399,00 EUR",True,EG,möbliert,21,7,17,18.04.2026,gemischt,2009,4,1.0,93049,ja,19,19.6,Karthaus-Prüll,20 m²,B,10.0,Genossenschaft,Zentralheizung,keine,40,nein,53,INS-2026-17144,80
259,False,4. OG,teilmöbliert,2,2,88,03.01.2026,Studenten-WG,1938,8,3.0,93051,ja,60,27.4,Dechbetten,27.4 m2,C,8.2,Genossenschaft,Gasetagenheizung,Einbauküche,32,nein,21,INS-2026-32707,86
489 warm,True,2. OG,möbliert,21,1,16,20.04.2026,Berufstätigen-WG,2010,3,3.0,93051,ja,17,17.2,Kumpfmühl,"17,2 qm",G,10.3,Privat,Öl,Pantry,41,nein,124,INS-2026-94941,137
386,False,EG,möbliert,2,4,71,15.05.2026,gemischt,1955,3,3.0,93051,ja,26,29.1,Ziegetsdorf,"29,1 qm",G,7.8,Makler,Zentralheizung,Einbauküche,31,nein,38,INS-2026-17852,154
317 kalt,False,EG,unmöbliert,20,6,17,26.03.2026,Männer-WG,2009,3,3.0,93049,nein,13,22.8,Karthaus-Prüll,"22,8 qm",F,10.5,Makler,Fernwärme,Einbauküche,42,nein,166,INS-2026-89192,78
"310,00 EUR",True,1. OG,möbliert,8,3,53,26.06.2026,Frauen-WG,1973,9,2.0,93055,ja,4,21.9,Burgweinting,21.9 m2,H,7.0,Privat,Öl,Einbauküche,28,ja,137,INS-2026-36527,103
203 €,False,EG,unmöbliert,19,6,45,19.01.2026,gemischt,1981,3,2.0,93051,nein,36,15.3,Königswiesen,15.3 m2,B,11.4,Privat,Gasetagenheizung,Pantry,45,ja,180,INS-2026-14243,139
308 €,True,DG,teilmöbliert,19,5,103,08.02.2026,Studenten-WG,1923,9,2.5,93055,ja,65,19.0,Burgweinting,19 m²,G,8.6,Privat,Fernwärme,Einbauküche,35,ja,191,INS-2026-83720,60
508 warm,True,4. OG,unmöbliert,5,3,22,05.06.2026,Studenten-WG,2004,7,2.0,93049,ja,77,23.4,Karthaus-Prüll,23.4 m2,C,4.5,Makler,Öl,Einbauküche,18,ja,136,INS-2026-66053,57
236,False,4. OG,unmöbliert,4,6,27,10.03.2026,gemischt,1999,5,2.0,93059,ja,13,17.2,Reinhausen,"17,2 qm",B,8.6,Privat,Gasetagenheizung,Einbauküche,34,nein,163,INS-2026-57154,48
197 €,False,DG,unmöbliert,2,4,111,20.05.2026,Männer-WG,1915,9,2.0,93055,nein,73,16.2,Burgweinting,16.2 m2,D,2.8,Makler,Pellet,Pantry,11,nein,84,INS-2026-55524,85
536 warm,False,EG,unmöbliert,18,5,17,15.06.2026,Männer-WG,2009,6,3.0,93053,ja,8,23.3,Galgenberg,23.3 m2,A+,6.1,Privat,Fernwärme,Einbauküche,25,nein,176,INS-2026-29850,76
346,False,1. OG,unmöbliert,4,3,20,09.04.2026,Männer-WG,2006,3,2.0,93051,ja,61,18.4,Kumpfmühl,18.4 m2,D,3.5,Makler,Pellet,Pantry,14,ja,268,INS-2026-47752,69
344 €,True,3. OG,teilmöbliert,12,5,113,22.02.2026,Studenten-WG,1913,2,1.5,93059,nein,45,13.3,Stadtamhof,"13,3 qm",F,10.6,Makler,Fernwärme,Einbauküche,42,nein,298,INS-2026-58292,144
386 €,True,EG,teilmöbliert,12,4,16,02.02.2026,Berufstätigen-WG,2010,2,2.0,93051,nein,78,20.0,Kumpfmühl,20 m²,C,9.6,Makler,Öl,Einbauküche,39,ja,41,INS-2026-55732,145
"312,00 EUR",False,1. OG,unmöbliert,15,6,81,17.04.2026,Berufstätigen-WG,1945,4,1.5,93047,nein,11,13.4,Innenstadt,13 m²,D,5.6,Privat,Gasetagenheizung,Einbauküche,22,nein,10,INS-2026-73879,138
609 €,True,EG,unmöbliert,15,1,2,10.06.2026,Berufstätigen-WG,2024,1,3.0,93059,ja,41,25.5,Stadtamhof,25.5 m2,B,6.2,Genossenschaft,Fernwärme,Einbauküche,26,nein,61,INS-2026-31145,121
885 warm,True,1. OG,unmöbliert,21,7,121,18.04.2026,Studenten-WG,1905,1,1.0,93047,nein,17,27.8,Innenstadt,28 m²,E,3.1,Privat,Zentralheizung,Pantry,12,ja,186,INS-2026-94619,75
"372,00 EUR",True,4. OG,möbliert,12,2,94,08.04.2026,gemischt,1932,3,1.0,93059,nein,5,21.5,Reinhausen,"21,5 qm",C,10.9,Privat,Zentralheizung,Pantry,42,nein,11,INS-2026-56286,119
501,False,2. OG,unmöbliert,22,5,38,07.01.2026,Studenten-WG,1988,2,2.0,93059,nein,30,23.7,Stadtamhof,24 m²,D,2.0,Makler,Öl,keine,8,ja,41,INS-2026-40152,142
427 €,True,1. OG,teilmöbliert,21,5,29,02.03.2026,gemischt,1997,9,3.0,93049,nein,3,23.6,Westenviertel,24 m²,F,2.4,Makler,Gasetagenheizung,Einbauküche,9,nein,292,INS-2026-94400,136
kalt 433€,False,2. OG,teilmöbliert,10,4,67,19.04.2026,Studenten-WG,1959,1,2.0,93051,ja,88,29.0,Königswiesen,29.0 m2,A+,10.0,Privat,Gasetagenheizung,keine,40,nein,91,INS-2026-11545,110
"211,00 EUR",True,1. OG,unmöbliert,13,7,70,10.05.2026,gemischt,1956,7,1.5,93049,ja,75,13.1,Großprüfening,"13,1 qm",D,6.8,Makler,Fernwärme,Einbauküche,27,nein,239,INS-2026-99566,102
284 €,True,1. OG,unmöbliert,10,6,2,08.01.2026,gemischt,2024,5,2.0,93051,ja,42,14.8,Königswiesen,15 m²,E,2.6,Privat,Zentralheizung,Pantry,10,ja,103,INS-2026-71963,70
"235,00 EUR",False,4. OG,möbliert,9,1,43,12.04.2026,gemischt,1983,2,3.0,93059,ja,70,18.1,Reinhausen,18 m²,D,6.3,Privat,Gasetagenheizung,Einbauküche,26,nein,206,INS-2026-87933,105
199 €,True,EG,unmöbliert,24,1,52,15.02.2026,gemischt,1974,10,2.0,93051,nein,89,11.6,Königswiesen,12 m²,D,3.7,Makler,Zentralheizung,Einbauküche,15,nein,236,INS-2026-76802,55
467,False,3. OG,möbliert,14,1,74,11.02.2026,Studenten-WG,1952,4,2.5,93049,ja,11,27.2,Westenviertel,"27,2 qm",B,2.2,Privat,Zentralheizung,keine,8,nein,204,INS-2026-13905,108
"459,00 EUR",False,Souterrain,unmöbliert,5,1,60,14.02.2026,gemischt,1966,10,1.0,93053,ja,12,26.0,Galgenberg,26.0 m2,F,8.6,Privat,Zentralheizung,Pantry,35,nein,193,INS-2026-24889,92
"408,00 EUR",True,EG,unmöbliert,17,5,102,27.04.2026,gemischt,1924,7,1.5,93051,ja,52,21.6,Kumpfmühl,21.6 m2,E,5.6,Privat,Pellet,Einbauküche,23,ja,190,INS-2026-57492,62
313 warm,False,EG,möbliert,2,7,102,25.04.2026,gemischt,1924,3,3.0,93051,ja,18,19.3,Dechbetten,19.3 m2,C,8.5,Privat,Gasetagenheizung,Einbauküche,34,ja,110,INS-2026-29626,55
487 warm,True,2. OG,teilmöbliert,22,6,5,06.06.2026,gemischt,2021,8,1.5,93051,nein,75,15.7,Kumpfmühl,"15,7 qm",B,5.1,Makler,Zentralheizung,keine,21,nein,246,INS-2026-42005,144
328 warm,True,3. OG,teilmöbliert,16,4,13,06.03.2026,gemischt,2013,9,3.0,93051,ja,45,15.7,Dechbetten,15.7 m2,E,3.8,Privat,Gasetagenheizung,Pantry,14,ja,192,INS-2026-48978,91
"420,00 EUR",False,4. OG,teilmöbliert,20,1,53,31.03.2026,Studenten-WG,1973,3,1.0,93053,nein,47,22.0,Kasernenviertel,22 m²,F,2.2,Makler,Zentralheizung,Einbauküche,9,nein,20,INS-2026-35974,152
"235,00 EUR",False,3. OG,unmöbliert,24,6,115,06.04.2026,Studenten-WG,1911,5,1.5,93051,ja,34,14.8,Kumpfmühl,14.8 m2,E,10.8,Makler,Nachtspeicher,Pantry,44,ja,240,INS-2026-69492,77
205,False,EG,unmöbliert,3,2,112,03.02.2026,Studenten-WG,1914,10,3.0,93051,ja,82,17.8,Ziegetsdorf,"17,8 qm",E,11.0,Makler,Zentralheizung,Einbauküche,43,ja,128,INS-2026-95599,140
306,False,2. OG,unmöbliert,18,3,4,28.03.2026,gemischt,2022,6,2.0,93049,nein,37,24.6,Großprüfening,25 m²,F,11.0,Makler,Nachtspeicher,Einbauküche,45,nein,247,INS-2026-27402,97
183 €,False,4. OG,unmöbliert,10,7,94,02.02.2026,gemischt,1932,10,2.0,93051,nein,87,15.6,Ziegetsdorf,15.6 m2,D,9.2,Makler,Fernwärme,Einbauküche,37,nein,41,INS-2026-48580,91
357 warm,False,3. OG,unmöbliert,24,2,73,25.06.2026,Berufstätigen-WG,1953,2,2.0,93053,ja,1,15.1,Galgenberg,15.1 m2,B,6.2,Makler,Öl,Pantry,25,nein,145,INS-2026-21280,105
550,True,1. OG,unmöbliert,6,7,32,15.04.2026,gemischt,1994,1,1.0,93049,ja,52,23.7,Westenviertel,23.7 m2,A,2.9,Makler,Gasetagenheizung,Einbauküche,11,ja,34,INS-2026-26131,91
377,False,2. OG,unmöbliert,18,5,35,08.05.2026,Berufstätigen-WG,1991,3,3.0,93047,nein,71,20.9,Innenstadt,21 m²,H,8.5,Privat,Zentralheizung,keine,34,ja,2,INS-2026-74569,180
336,False,EG,unmöbliert,15,7,93,10.06.2026,gemischt,1933,6,2.5,93047,nein,16,17.3,Innenstadt,17.3 m2,D,6.3,Makler,Gasetagenheizung,Einbauküche,25,ja,146,INS-2026-43868,75
541,False,Souterrain,teilmöbliert,13,4,59,08.03.2026,Frauen-WG,1967,7,2.0,93053,ja,10,30.4,Kasernenviertel,30.4 m2,C,7.1,Genossenschaft,Gasetagenheizung,Einbauküche,28,ja,194,INS-2026-75755,135
kalt 578€,False,2. OG,unmöbliert,9,5,80,08.04.2026,gemischt,1946,6,2.0,93053,nein,89,31.1,Kasernenviertel,"31,1 qm",C,4.9,Genossenschaft,Gasetagenheizung,Pantry,19,nein,233,INS-2026-44600,68
"173,00 EUR",True,1. OG,unmöbliert,7,3,88,20.03.2026,Berufstätigen-WG,1938,9,2.0,93051,ja,3,12.5,Ziegetsdorf,12 m²,D,9.1,Privat,Pellet,Einbauküche,36,nein,91,INS-2026-57927,164
341 warm,False,3. OG,teilmöbliert,22,7,77,10.01.2026,gemischt,1949,3,3.0,93051,ja,19,17.4,Königswiesen,17.4 m2,D,8.1,Makler,Gasetagenheizung,Pantry,32,nein,284,INS-2026-54172,114
"278,00 EUR",False,EG,unmöbliert,20,5,94,25.05.2026,gemischt,1932,1,2.0,93051,nein,32,18.3,Königswiesen,18.3 m2,A+,3.7,Privat,Öl,Einbauküche,15,nein,267,INS-2026-40290,117
"318,00 EUR",True,EG,unmöbliert,13,5,93,04.03.2026,Berufstätigen-WG,1933,4,1.5,93055,ja,15,18.2,Ostenviertel,18.2 m2,B,6.2,Privat,Zentralheizung,Pantry,25,nein,161,INS-2026-91763,87
492 €,True,2. OG,teilmöbliert,8,4,36,11.06.2026,gemischt,1990,3,2.0,93049,ja,81,25.5,Westenviertel,26 m²,B,5.1,Makler,Gasetagenheizung,keine,21,nein,246,INS-2026-15508,104
260 €,False,Souterrain,unmöbliert,12,2,72,13.02.2026,Studenten-WG,1954,9,1.5,93051,ja,29,16.9,Kumpfmühl,17 m²,G,10.2,Genossenschaft,Zentralheizung,Einbauküche,41,nein,150,INS-2026-95592,161
269 warm,False,3. OG,möbliert,13,4,54,14.02.2026,Studenten-WG,1972,9,2.0,93059,ja,18,15.0,Reinhausen,15 m²,F,10.7,Privat,Gasetagenheizung,Pantry,44,nein,264,INS-2026-34872,57
"343,00 EUR",False,DG,unmöbliert,12,4,106,13.06.2026,gemischt,1920,9,2.0,93059,ja,4,17.8,Stadtamhof,17.8 m2,D,5.4,Makler,Zentralheizung,Einbauküche,22,nein,180,INS-2026-38064,128
330 warm,False,2. OG,unmöbliert,3,4,109,03.02.2026,gemischt,1917,10,2.0,93055,nein,13,15.4,Ostenviertel,15.4 m2,F,8.7,Genossenschaft,Fernwärme,Pantry,35,nein,143,INS-2026-27040,86
kalt 506€,True,3. OG,möbliert,2,7,15,01.05.2026,Frauen-WG,2011,10,2.0,93053,nein,17,19.6,Kasernenviertel,19.6 m2,C,4.7,Makler,Öl,Einbauküche,20,nein,101,INS-2026-53098,119
424,True,2. OG,unmöbliert,11,5,96,13.05.2026,gemischt,1930,7,3.0,93051,ja,85,26.1,Königswiesen,26 m²,A,2.0,Privat,Pellet,keine,8,ja,59,INS-2026-52681,135
420 kalt,True,4. OG,unmöbliert,3,5,91,29.04.2026,Studenten-WG,1935,6,1.0,93049,ja,85,21.5,Westenviertel,21.5 m2,B,4.6,Privat,Zentralheizung,Einbauküche,17,ja,145,INS-2026-55427,52
341 €,False,DG,unmöbliert,3,1,30,26.01.2026,Studenten-WG,1996,2,2.5,93051,nein,25,25.2,Ziegetsdorf,"25,2 qm",D,7.1,Privat,Fernwärme,Einbauküche,29,ja,222,INS-2026-66540,114
Kaltmiete: 332 €,True,4. OG,teilmöbliert,17,4,6,05.06.2026,Frauen-WG,2020,9,3.0,93055,ja,46,23.3,Burgweinting,"23,3 qm",C,7.6,Privat,Fernwärme,Einbauküche,30,nein,243,INS-2026-24738,147
"617,00 EUR",True,DG,möbliert,9,4,55,22.04.2026,Studenten-WG,1971,6,2.0,93047,ja,49,22.4,Innenstadt,22.4 m2,D,7.1,Makler,Öl,Einbauküche,28,ja,269,INS-2026-82308,144
"359,00 EUR",False,Souterrain,unmöbliert,3,6,18,04.04.2026,gemischt,2008,9,2.5,93049,nein,46,27.0,Karthaus-Prüll,27.0 m2,E,5.0,Makler,Öl,keine,20,nein,202,INS-2026-24076,85
"508,00 EUR",True,DG,teilmöbliert,8,2,3,15.01.2026,Studenten-WG,2023,10,1.0,93051,ja,35,23.8,Kumpfmühl,23.8 m2,E,10.4,Privat,Zentralheizung,keine,41,nein,190,INS-2026-46576,169
"166,00 EUR",False,4. OG,unmöbliert,21,2,49,02.06.2026,gemischt,1977,6,2.0,93051,ja,66,14.5,Königswiesen,14 m²,C,9.1,Privat,Nachtspeicher,Einbauküche,36,nein,201,INS-2026-35187,67
"272,00 EUR",True,EG,teilmöbliert,25,5,22,25.05.2026,Studenten-WG,2004,6,2.0,93051,ja,8,18.0,Dechbetten,18 m²,B,11.2,Privat,Zentralheizung,Pantry,45,nein,56,INS-2026-98823,137
521,True,2. OG,möbliert,6,4,49,12.02.2026,gemischt,1977,1,1.0,93059,ja,18,29.9,Reinhausen,29.9 m2,E,4.8,Makler,Nachtspeicher,Einbauküche,19,ja,41,INS-2026-19249,108
513,True,1. OG,teilmöbliert,21,5,115,25.05.2026,Studenten-WG,1911,1,1.0,93049,nein,32,26.5,Karthaus-Prüll,26.5 m2,D,10.2,Genossenschaft,Gasetagenheizung,Pantry,39,ja,89,INS-2026-47359,63
367 warm,False,DG,teilmöbliert,9,2,36,03.06.2026,Berufstätigen-WG,1990,8,2.0,93051,nein,83,16.7,Königswiesen,17 m²,D,4.3,Privat,Gasetagenheizung,Einbauküche,17,nein,161,INS-2026-66162,100
712 warm,True,DG,unmöbliert,5,1,11,28.02.2026,Berufstätigen-WG,2015,2,3.0,93053,ja,79,26.9,Galgenberg,"26,9 qm",B,10.2,Privat,Gasetagenheizung,Einbauküche,41,ja,13,INS-2026-76389,97
495,True,2. OG,teilmöbliert,22,2,50,19.06.2026,Studenten-WG,1976,10,2.0,93047,nein,28,20.6,Innenstadt,20.6 m2,D,3.3,Makler,Zentralheizung,keine,13,ja,199,INS-2026-23898,106
"601,00 EUR",True,DG,teilmöbliert,22,4,91,04.03.2026,Frauen-WG,1935,7,2.0,93055,nein,41,31.7,Ostenviertel,"31,7 qm",D,6.7,Makler,Fernwärme,Einbauküche,26,ja,223,INS-2026-88743,97
570 warm,False,4. OG,unmöbliert,12,2,53,13.04.2026,Studenten-WG,1973,6,1.0,93047,ja,41,27.4,Innenstadt,27.4 m2,B,4.4,Privat,Nachtspeicher,Einbauküche,18,nein,211,INS-2026-44065,40
572,True,1. OG,möbliert,10,3,30,03.03.2026,Studenten-WG,1996,5,2.0,93047,nein,63,18.4,Innenstadt,18.4 m2,A+,1.3,Privat,Zentralheizung,Einbauküche,5,nein,17,INS-2026-68452,95
46 €,True,1. OG,möbliert,7,7,69,04.02.2026,gemischt,1957,4,1.0,93049,nein,24,26.7,Großprüfening,27 m²,D,6.2,Privat,Pellet,keine,25,nein,176,INS-2026-45569,87
440,True,1. OG,teilmöbliert,7,1,21,10.02.2026,Berufstätigen-WG,2005,5,1.5,93049,nein,11,18.2,Westenviertel,"18,2 qm",D,3.9,Privat,Zentralheizung,Einbauküche,15,nein,127,INS-2026-62138,62
333 warm,False,EG,unmöbliert,4,6,102,11.06.2026,Berufstätigen-WG,1924,4,2.5,93055,ja,79,20.2,Burgweinting,"20,2 qm",A,6.8,Privat,Nachtspeicher,Pantry,27,nein,262,INS-2026-54880,75
480 warm,True,3. OG,möbliert,24,4,4,18.05.2026,Frauen-WG,2022,1,2.5,93051,ja,13,19.0,Kumpfmühl,19.0 m2,C,6.5,Privat,Fernwärme,keine,27,nein,178,INS-2026-74984,103
255,True,3. OG,unmöbliert,7,1,124,28.02.2026,Berufstätigen-WG,1902,5,2.0,93055,ja,86,16.4,Burgweinting,"16,4 qm",C,6.1,Makler,Zentralheizung,Pantry,24,ja,116,INS-2026-19626,112
407 warm,False,3. OG,möbliert,18,4,30,06.05.2026,Studenten-WG,1996,6,2.5,93053,ja,4,14.6,Kasernenviertel,"14,6 qm",H,9.9,Makler,Gasetagenheizung,Pantry,39,nein,299,INS-2026-28812,124
kalt 502€,True,DG,unmöbliert,24,5,110,21.04.2026,gemischt,1916,8,1.0,93059,ja,52,30.5,Reinhausen,30 m²,E,2.6,Makler,Zentralheizung,Pantry,10,nein,44,INS-2026-41786,97
373 €,False,2. OG,unmöbliert,22,6,32,10.05.2026,gemischt,1994,1,3.0,93051,nein,19,32.0,Dechbetten,32.0 m2,A,10.9,Makler,Gasetagenheizung,Einbauküche,44,nein,175,INS-2026-52328,49
Kaltmiete: 354 €,True,EG,teilmöbliert,6,5,30,15.01.2026,Studenten-WG,1996,7,2.0,93059,ja,41,21.2,Reinhausen,"21,2 qm",E,6.3,Privat,Fernwärme,Pantry,25,nein,186,INS-2026-87966,66
521,True,1. OG,möbliert,5,2,6,20.02.2026,Berufstätigen-WG,2020,3,1.0,93049,nein,56,20.1,Westenviertel,20 m²,E,5.1,Privat,Gasetagenheizung,Einbauküche,21,ja,40,INS-2026-30457,90
kalt 335€,True,DG,teilmöbliert,11,3,79,01.03.2026,Studenten-WG,1947,5,2.0,93051,nein,38,18.0,Königswiesen,"18,0 qm",C,10.5,Privat,Gasetagenheizung,Einbauküche,42,ja,47,INS-2026-81641,75
517,True,EG,möbliert,13,5,15,18.05.2026,Frauen-WG,2011,6,2.0,93059,ja,53,16.7,Stadtamhof,"16,7 qm",F,2.1,Makler,Zentralheizung,Einbauküche,8,ja,45,INS-2026-20656,81
Kaltmiete: 176 €,False,4. OG,möbliert,25,4,63,09.05.2026,Studenten-WG,1963,5,2.0,93055,nein,25,12.1,Ostenviertel,12 m²,E,7.7,Privat,Gasetagenheizung,Pantry,30,nein,239,INS-2026-24621,100
491 €,True,1. OG,möbliert,23,7,117,29.04.2026,gemischt,1909,8,1.0,93053,nein,44,17.3,Galgenberg,17 m²,D,6.6,Makler,Zentralheizung,Einbauküche,26,nein,211,INS-2026-42524,120
Kaltmiete: 345 €,True,3. OG,unmöbliert,7,6,13,18.04.2026,gemischt,2013,4,2.0,93055,ja,34,22.6,Burgweinting,"22,6 qm",E,8.0,Makler,Fernwärme,Pantry,32,nein,82,INS-2026-88902,153
"265,00 EUR",False,DG,teilmöbliert,2,5,87,13.02.2026,Studenten-WG,1939,5,2.0,93053,ja,61,16.0,Galgenberg,16.0 m2,D,7.6,Genossenschaft,Zentralheizung,Pantry,30,nein,2,INS-2026-20023,72
"606,00 EUR",True,EG,unmöbliert,21,7,117,21.01.2026,gemischt,1909,8,1.0,93055,ja,18,32.2,Ostenviertel,"32,2 qm",D,7.8,Privat,Fernwärme,Einbauküche,31,ja,219,INS-2026-93180,112
405 warm,True,EG,möbliert,5,2,108,12.06.2026,gemischt,1918,6,1.5,93055,ja,57,14.0,Burgweinting,14.0 m2,B,1.7,Genossenschaft,Fernwärme,Einbauküche,6,nein,107,INS-2026-28241,68
275,True,1. OG,teilmöbliert,13,6,22,08.01.2026,gemischt,2004,9,2.0,93049,nein,29,18.7,Großprüfening,"18,7 qm",A,8.1,Privat,Gasetagenheizung,Pantry,33,nein,226,INS-2026-46065,132
735 warm,True,1. OG,teilmöbliert,24,3,102,25.05.2026,gemischt,1924,3,2.0,93049,ja,58,29.8,Westenviertel,"29,8 qm",C,7.6,Privat,Fernwärme,Einbauküche,31,nein,60,INS-2026-96780,113
745 warm,True,Souterrain,möbliert,13,4,118,26.04.2026,Männer-WG,1908,5,2.0,93047,ja,83,24.8,Innenstadt,25 m²,F,7.6,Privat,Fernwärme,keine,31,ja,60,INS-2026-86604,87
412 warm,True,EG,unmöbliert,17,5,8,30.04.2026,gemischt,2018,3,1.0,93047,ja,40,10.5,Innenstadt,10 m²,B,8.2,Makler,Fernwärme,Pantry,34,nein,298,INS-2026-85217,73
622 warm,True,3. OG,unmöbliert,12,4,29,26.03.2026,Studenten-WG,1997,6,3.0,93053,ja,75,25.9,Kasernenviertel,25.9 m2,A+,1.9,Privat,Gasetagenheizung,keine,7,ja,219,INS-2026-36841,82
309,False,2. OG,unmöbliert,10,7,46,09.03.2026,Studenten-WG,1980,7,3.0,93055,nein,8,28.5,Burgweinting,28.5 m2,B,9.0,Privat,Zentralheizung,keine,36,ja,190,INS-2026-24074,129
257 €,True,4. OG,teilmöbliert,23,5,53,01.01.2026,gemischt,1973,9,2.0,93051,ja,45,17.2,Dechbetten,17 m²,E,2.0,Makler,Gasetagenheizung,Einbauküche,9,ja,84,INS-2026-83927,119
310 warm,False,3. OG,teilmöbliert,2,3,83,07.06.2026,Frauen-WG,1943,2,2.5,93049,nein,31,16.8,Großprüfening,"16,8 qm",F,4.5,Makler,Zentralheizung,keine,18,ja,224,INS-2026-30110,92
189,False,EG,möbliert,25,2,20,07.02.2026,gemischt,2006,5,2.5,93049,nein,69,14.6,Großprüfening,14.6 m2,G,9.7,Privat,Öl,Pantry,38,ja,76,INS-2026-62817,123
651 warm,False,2. OG,unmöbliert,3,2,117,24.06.2026,gemischt,1909,7,2.5,93059,ja,56,33.2,Reinhausen,33 m²,A,9.7,Privat,Gasetagenheizung,Einbauküche,39,nein,122,INS-2026-47756,132
"245,00 EUR",False,DG,unmöbliert,8,6,40,29.03.2026,Studenten-WG,1986,9,3.0,93055,nein,62,24.6,Ostenviertel,25 m²,A,10.7,Privat,Gasetagenheizung,keine,43,nein,236,INS-2026-51278,73
511,True,EG,möbliert,6,5,64,25.06.2026,gemischt,1962,4,1.0,93047,ja,59,17.5,Innenstadt,"17,5 qm",D,2.8,Genossenschaft,Pellet,Pantry,11,nein,125,INS-2026-48743,140
353 €,True,EG,möbliert,24,2,80,03.04.2026,gemischt,1946,2,1.0,93049,ja,30,21.1,Großprüfening,"21,1 qm",B,5.5,Makler,Öl,Einbauküche,22,ja,22,INS-2026-32727,78
271 kalt,False,2. OG,unmöbliert,17,5,72,26.02.2026,gemischt,1954,6,3.0,93049,ja,76,19.0,Karthaus-Prüll,19 m²,A+,8.0,Privat,Fernwärme,keine,33,nein,188,INS-2026-65283,123
408 warm,False,3. OG,teilmöbliert,3,6,95,21.05.2026,Studenten-WG,1931,10,3.0,93051,ja,74,28.1,Ziegetsdorf,"28,1 qm",F,7.8,Makler,Zentralheizung,Einbauküche,32,nein,238,INS-2026-51149,76
253,True,1. OG,teilmöbliert,18,3,117,11.02.2026,gemischt,1909,5,2.0,93051,ja,25,16.2,Dechbetten,16.2 m2,F,3.0,Makler,Gasetagenheizung,keine,12,nein,96,INS-2026-66153,90
463 warm,True,2. OG,teilmöbliert,7,6,93,01.02.2026,gemischt,1933,2,1.0,93055,ja,45,23.1,Ostenviertel,23.1 m2,B,6.6,Genossenschaft,Gasetagenheizung,Pantry,26,nein,22,INS-2026-98350,49
761 warm,False,EG,teilmöbliert,9,7,94,03.01.2026,Frauen-WG,1932,8,1.0,93053,ja,2,29.9,Galgenberg,29.9 m2,E,7.9,Privat,Gasetagenheizung,Pantry,32,ja,200,INS-2026-90971,158
"505,00 EUR",True,3. OG,unmöbliert,17,4,107,20.02.2026,gemischt,1919,9,1.5,93051,ja,3,25.1,Kumpfmühl,25 m²,C,7.1,Privat,Fernwärme,keine,29,nein,63,INS-2026-28863,94
215,True,2. OG,teilmöbliert,16,4,94,28.05.2026,Studenten-WG,1932,3,1.5,93049,nein,79,14.0,Großprüfening,14 m²,A,6.6,Makler,Fernwärme,Pantry,27,ja,158,INS-2026-49617,106
468 warm,False,3. OG,teilmöbliert,17,1,31,04.05.2026,Studenten-WG,1995,2,3.0,93053,nein,47,20.0,Kasernenviertel,20 m²,E,9.5,Makler,Pellet,keine,37,nein,289,INS-2026-46525,117
kalt 392€,True,2. OG,unmöbliert,23,6,19,07.05.2026,Frauen-WG,2007,3,1.0,93051,nein,69,20.3,Königswiesen,20.3 m2,F,1.9,Makler,Zentralheizung,Einbauküche,8,ja,63,INS-2026-10358,171
221,False,EG,unmöbliert,10,5,70,15.01.2026,gemischt,1956,7,1.5,93049,ja,55,15.4,Karthaus-Prüll,15.4 m2,D,6.5,Privat,Nachtspeicher,Einbauküche,26,ja,24,INS-2026-96540,107
"317,00 EUR",True,1. OG,möbliert,9,3,118,21.03.2026,gemischt,1908,8,3.0,93051,nein,10,17.7,Königswiesen,18 m²,A,9.4,Makler,Pellet,Einbauküche,37,nein,62,INS-2026-78134,103
396 kalt,True,2. OG,unmöbliert,19,4,29,25.02.2026,gemischt,1997,3,1.5,93049,nein,25,20.2,Westenviertel,20.2 m2,G,3.1,Privat,Gasetagenheizung,Einbauküche,13,ja,28,INS-2026-39250,128
385 warm,True,1. OG,teilmöbliert,24,6,80,18.04.2026,Berufstätigen-WG,1946,7,2.0,93051,nein,39,20.5,Ziegetsdorf,20 m²,C,2.6,Makler,Zentralheizung,keine,9,nein,171,INS-2026-78969,52
662 warm,True,EG,teilmöbliert,22,1,45,21.04.2026,Studenten-WG,1981,8,1.0,93053,nein,70,23.4,Galgenberg,23 m²,E,1.0,Privat,Gasetagenheizung,keine,5,nein,180,INS-2026-82314,85
"235,00 EUR",False,3. OG,unmöbliert,22,7,114,18.03.2026,Studenten-WG,1912,4,3.0,93053,nein,7,13.6,Kasernenviertel,"13,6 qm",E,4.8,Privat,Öl,Einbauküche,20,nein,136,INS-2026-65150,86
309,False,1. OG,unmöbliert,11,4,40,20.01.2026,gemischt,1986,8,2.0,93053,ja,37,18.8,Kasernenviertel,19 m²,E,10.1,Privat,Zentralheizung,Pantry,39,ja,243,INS-2026-34841,151
480 warm,False,4. OG,teilmöbliert,21,2,54,02.01.2026,gemischt,1972,2,2.0,93053,nein,54,23.5,Galgenberg,24 m²,D,1.2,Privat,Zentralheizung,Einbauküche,5,nein,9,INS-2026-10103,72
337 warm,False,1. OG,unmöbliert,12,1,21,08.05.2026,Berufstätigen-WG,2005,10,2.5,93049,ja,1,13.7,Westenviertel,13.7 m2,B,9.6,Privat,Öl,Einbauküche,39,nein,288,INS-2026-67717,103
379,False,EG,unmöbliert,23,6,11,26.06.2026,Berufstätigen-WG,2015,5,2.0,93055,nein,63,23.5,Ostenviertel,23.5 m2,D,4.1,Privat,Gasetagenheizung,keine,17,ja,77,INS-2026-77501,106
524,True,EG,möbliert,15,1,33,26.04.2026,gemischt,1993,8,3.0,93059,ja,40,30.2,Reinhausen,30 m²,D,9.2,Privat,Gasetagenheizung,Einbauküche,37,nein,164,INS-2026-73129,65
526 warm,True,2. OG,teilmöbliert,18,1,26,15.03.2026,Männer-WG,2000,3,1.5,93051,nein,34,24.8,Ziegetsdorf,24.8 m2,E,11.2,Genossenschaft,Zentralheizung,Einbauküche,45,nein,244,INS-2026-29795,165
594 warm,True,EG,unmöbliert,20,6,115,30.01.2026,gemischt,1911,9,2.5,93049,ja,18,28.6,Großprüfening,29 m²,F,2.1,Privat,Pellet,Einbauküche,8,ja,265,INS-2026-69388,176
214,False,DG,unmöbliert,7,5,47,13.01.2026,Studenten-WG,1979,10,2.0,93051,ja,47,16.1,Dechbetten,16 m²,G,2.6,Privat,Öl,Einbauküche,10,ja,96,INS-2026-77788,194
413,False,2. OG,unmöbliert,3,2,119,16.05.2026,Frauen-WG,1907,5,2.0,93055,nein,44,30.1,Burgweinting,30.1 m2,G,8.0,Makler,Pellet,Pantry,33,nein,148,INS-2026-31234,97
468,True,EG,möbliert,23,1,117,26.06.2026,Studenten-WG,1909,7,2.0,93051,ja,12,19.7,Kumpfmühl,19.7 m2,D,10.6,Privat,Fernwärme,keine,42,nein,286,INS-2026-69862,100
501 warm,True,EG,teilmöbliert,9,2,117,12.05.2026,Frauen-WG,1909,3,2.0,93055,nein,38,20.0,Burgweinting,20 m²,B,3.3,Privat,Fernwärme,keine,13,nein,0,INS-2026-71173,124
341,False,Souterrain,möbliert,15,5,117,15.02.2026,Studenten-WG,1909,4,2.5,93049,nein,8,19.5,Westenviertel,20 m²,C,6.4,Privat,Öl,Pantry,25,nein,235,INS-2026-53008,74
264,True,DG,teilmöbliert,11,5,26,22.01.2026,gemischt,2000,1,1.5,93051,nein,83,10.4,Kumpfmühl,10 m²,B,3.2,Privat,Gasetagenheizung,Einbauküche,12,ja,121,INS-2026-25134,110
227,True,3. OG,unmöbliert,15,1,115,18.06.2026,Studenten-WG,1911,3,1.0,93055,nein,73,16.0,Burgweinting,"16,0 qm",B,10.6,Genossenschaft,Gasetagenheizung,keine,42,nein,46,INS-2026-16381,71
"305,00 EUR",False,3. OG,möbliert,23,1,45,21.02.2026,Studenten-WG,1981,4,3.0,93047,nein,55,16.8,Innenstadt,17 m²,A,7.5,Privat,Nachtspeicher,Pantry,29,nein,185,INS-2026-93351,47
kalt 160€,False,4. OG,unmöbliert,12,7,89,09.06.2026,gemischt,1937,3,2.0,93055,nein,16,16.2,Burgweinting,16.2 m2,E,11.2,Privat,Nachtspeicher,Pantry,45,nein,209,INS-2026-66605,103
820 warm,False,Souterrain,unmöbliert,3,2,25,19.05.2026,Studenten-WG,2001,3,2.0,93047,nein,32,29.9,Innenstadt,30 m²,B,1.5,Privat,Fernwärme,Pantry,6,ja,263,INS-2026-66157,127
613 warm,True,1. OG,unmöbliert,5,5,100,11.01.2026,gemischt,1926,2,3.0,93047,ja,38,19.5,Innenstadt,"19,5 qm",C,2.2,Makler,Gasetagenheizung,Pantry,9,nein,205,INS-2026-27045,120
308,False,DG,unmöbliert,20,5,38,30.01.2026,Studenten-WG,1988,4,1.0,93051,ja,23,28.0,Ziegetsdorf,28 m²,D,11.2,Makler,Öl,Einbauküche,45,nein,246,INS-2026-12497,118
378 €,True,DG,unmöbliert,21,3,60,13.05.2026,Studenten-WG,1966,4,1.0,93049,ja,41,19.5,Westenviertel,20 m²,F,8.6,Privat,Gasetagenheizung,Einbauküche,34,ja,293,INS-2026-92654,100
"373,00 EUR",False,2. OG,unmöbliert,19,2,94,13.02.2026,Frauen-WG,1932,7,3.0,93047,nein,63,19.1,Innenstadt,19 m²,E,3.0,Genossenschaft,Zentralheizung,Einbauküche,12,nein,290,INS-2026-87126,170
"415,00 EUR",True,2. OG,unmöbliert,18,1,84,22.01.2026,gemischt,1942,1,2.0,93053,ja,58,19.9,Kasernenviertel,"19,9 qm",D,10.7,Makler,Gasetagenheizung,Einbauküche,43,ja,102,INS-2026-66266,71
444 warm,False,4. OG,unmöbliert,11,4,30,04.01.2026,gemischt,1996,1,2.0,93055,nein,90,25.7,Burgweinting,"25,7 qm",B,8.8,Privat,Öl,Einbauküche,35,nein,124,INS-2026-58028,142
"173,00 EUR",False,3. OG,unmöbliert,19,2,46,24.04.2026,gemischt,1980,4,2.5,93051,ja,63,18.5,Dechbetten,18.5 m2,E,9.9,Privat,Pellet,keine,40,nein,226,INS-2026-29623,142
240,True,1. OG,teilmöbliert,7,5,19,28.04.2026,Studenten-WG,2007,8,2.0,93055,ja,61,16.7,Burgweinting,16.7 m2,G,8.2,Genossenschaft,Zentralheizung,keine,32,nein,195,INS-2026-95067,126
529 warm,True,4. OG,unmöbliert,22,1,61,14.02.2026,Frauen-WG,1965,8,2.0,93053,ja,60,17.9,Kasernenviertel,18 m²,E,6.4,Privat,Zentralheizung,Einbauküche,25,ja,68,INS-2026-97530,132
505 warm,False,3. OG,teilmöbliert,15,7,71,04.02.2026,Studenten-WG,1955,7,2.5,93055,ja,29,25.7,Burgweinting,"25,7 qm",F,1.9,Makler,Gasetagenheizung,Einbauküche,7,nein,173,INS-2026-34855,169
686 warm,False,Souterrain,unmöbliert,18,1,61,17.03.2026,gemischt,1965,10,2.5,93047,nein,54,27.6,Innenstadt,28 m²,C,4.3,Privat,Gasetagenheizung,Einbauküche,18,ja,225,INS-2026-70385,131
219 kalt,False,2. OG,teilmöbliert,20,3,22,09.03.2026,gemischt,2004,6,3.0,93051,nein,80,20.0,Ziegetsdorf,20.0 m2,D,7.5,Makler,Nachtspeicher,Einbauküche,31,nein,42,INS-2026-76480,72
527 warm,True,2. OG,teilmöbliert,20,7,32,19.06.2026,gemischt,1994,3,1.0,93059,nein,71,24.8,Reinhausen,25 m²,B,2.2,Privat,Gasetagenheizung,keine,8,nein,36,INS-2026-49088,75
348,False,DG,unmöbliert,10,6,69,31.05.2026,gemischt,1957,4,2.5,93053,ja,24,20.7,Kasernenviertel,"20,7 qm",C,2.1,Genossenschaft,Zentralheizung,Einbauküche,9,nein,99,INS-2026-44376,103
358,False,EG,unmöbliert,21,4,78,21.02.2026,Männer-WG,1948,9,2.0,93059,ja,1,19.2,Stadtamhof,19.2 m2,E,11.2,Privat,Gasetagenheizung,Einbauküche,44,ja,226,INS-2026-46262,75
437 €,False,2. OG,möbliert,23,7,58,29.06.2026,Frauen-WG,1968,5,2.0,93053,ja,88,23.5,Galgenberg,24 m²,G,10.1,Privat,Nachtspeicher,Einbauküche,40,ja,10,INS-2026-39427,88
629 warm,True,4. OG,möbliert,11,1,114,19.01.2026,Studenten-WG,1912,3,1.5,93047,ja,7,17.5,Innenstadt,"17,5 qm",B,5.9,Privat,Fernwärme,Einbauküche,24,nein,161,INS-2026-78371,142
273 kalt,False,1. OG,unmöbliert,14,4,22,04.05.2026,Studenten-WG,2004,7,1.5,93049,ja,4,15.6,Westenviertel,15.6 m2,G,6.6,Privat,Nachtspeicher,Einbauküche,27,nein,216,INS-2026-83708,57
402 €,False,4. OG,unmöbliert,19,4,49,11.06.2026,gemischt,1977,10,3.0,93047,ja,66,23.3,Innenstadt,23 m²,F,7.0,Makler,Gasetagenheizung,Pantry,27,nein,224,INS-2026-55618,132
"359,00 EUR",True,1. OG,teilmöbliert,17,1,12,16.04.2026,gemischt,2014,6,2.0,93055,ja,49,23.0,Burgweinting,"23,0 qm",E,10.7,Privat,Gasetagenheizung,Einbauküche,42,ja,155,INS-2026-83018,132
232,False,Souterrain,unmöbliert,22,1,37,05.02.2026,gemischt,1989,4,1.0,93051,nein,7,16.4,Kumpfmühl,"16,4 qm",G,4.3,Makler,Nachtspeicher,Einbauküche,17,nein,271,INS-2026-43475,136
317,True,4. OG,unmöbliert,5,1,98,03.01.2026,Studenten-WG,1928,3,1.5,93051,ja,18,20.4,Dechbetten,"20,4 qm",H,11.0,Privat,Fernwärme,Einbauküche,43,ja,248,INS-2026-95282,144
500 €,True,1. OG,unmöbliert,9,7,7,29.06.2026,gemischt,2019,6,1.0,93059,ja,89,18.9,Stadtamhof,"18,9 qm",C,7.4,Makler,Gasetagenheizung,Pantry,30,nein,223,INS-2026-58762,135
471 €,True,2. OG,unmöbliert,22,7,124,19.06.2026,Berufstätigen-WG,1902,3,1.0,93053,nein,5,22.0,Kasernenviertel,22.0 m2,D,7.2,Makler,Gasetagenheizung,Pantry,29,ja,12,INS-2026-24164,82
578,True,2. OG,teilmöbliert,2,2,103,11.01.2026,Berufstätigen-WG,1923,10,2.0,93059,nein,43,22.8,Stadtamhof,23 m²,B,2.1,Privat,Fernwärme,Pantry,8,nein,145,INS-2026-83785,51
"389,00 EUR",True,1. OG,teilmöbliert,17,2,123,26.06.2026,Studenten-WG,1903,3,2.0,93055,nein,65,22.0,Burgweinting,"22,0 qm",C,4.0,Makler,Fernwärme,keine,16,nein,246,INS-2026-89162,118
288 €,True,2. OG,teilmöbliert,4,2,15,26.01.2026,gemischt,2011,4,2.0,93051,nein,68,18.3,Dechbetten,18 m²,B,5.7,Makler,Zentralheizung,Einbauküche,22,nein,77,INS-2026-26975,67
258,False,4. OG,unmöbliert,24,2,42,03.06.2026,gemischt,1984,5,2.0,93059,nein,52,22.9,Reinhausen,"22,9 qm",H,8.8,Privat,Fernwärme,Pantry,35,nein,177,INS-2026-69175,160
"372,00 EUR",False,EG,möbliert,6,3,87,29.01.2026,gemischt,1939,10,2.0,93055,ja,52,26.6,Burgweinting,27 m²,C,9.8,Privat,Öl,Einbauküche,39,ja,4,INS-2026-54427,89
"644,00 EUR",True,DG,unmöbliert,12,1,12,18.04.2026,gemischt,2014,4,1.0,93047,nein,19,23.9,Innenstadt,23.9 m2,F,4.6,Privat,Fernwärme,Einbauküche,18,nein,88,INS-2026-79938,77
"210,00 EUR",False,DG,unmöbliert,19,5,10,23.01.2026,Studenten-WG,2016,3,3.0,93059,nein,13,16.4,Reinhausen,16 m²,D,2.9,Privat,Zentralheizung,Einbauküche,11,nein,260,INS-2026-67056,95
423 €,True,EG,teilmöbliert,11,5,87,25.01.2026,gemischt,1939,3,2.5,93049,ja,2,28.4,Großprüfening,28.4 m2,C,7.8,Makler,Gasetagenheizung,Einbauküche,30,nein,260,INS-2026-79801,118
260 €,True,2. OG,möbliert,19,3,122,07.05.2026,Frauen-WG,1904,7,2.5,93053,nein,70,11.9,Galgenberg,12 m²,A+,11.4,Privat,Nachtspeicher,Einbauküche,45,nein,190,INS-2026-60892,102
Kaltmiete: 392 €,True,EG,unmöbliert,17,3,15,27.05.2026,Studenten-WG,2011,4,1.0,93053,nein,48,18.3,Galgenberg,18.3 m2,G,2.5,Genossenschaft,Gasetagenheizung,Einbauküche,10,ja,292,INS-2026-41991,146
"541,00 EUR",True,1. OG,möbliert,4,1,117,06.03.2026,Studenten-WG,1909,10,2.0,93051,nein,77,26.7,Königswiesen,26.7 m2,D,4.6,Privat,Zentralheizung,Pantry,19,ja,286,INS-2026-33366,159
"337,00 EUR",False,Souterrain,möbliert,5,1,114,25.06.2026,Studenten-WG,1912,10,2.5,93059,nein,67,22.9,Reinhausen,"22,9 qm",B,11.2,Privat,Gasetagenheizung,Pantry,44,nein,222,INS-2026-72719,53
611 warm,True,3. OG,teilmöbliert,10,2,98,18.03.2026,Studenten-WG,1928,8,2.0,93053,nein,55,22.0,Galgenberg,22.0 m2,A+,8.3,Privat,Öl,Einbauküche,33,ja,91,INS-2026-10642,120
222 €,False,1. OG,teilmöbliert,13,2,58,06.04.2026,Studenten-WG,1968,1,2.0,93059,nein,25,11.2,Stadtamhof,"11,2 qm",B,3.3,Privat,Gasetagenheizung,Pantry,13,nein,247,INS-2026-24376,76
450 warm,True,3. OG,möbliert,25,7,125,09.02.2026,gemischt,1901,5,1.0,93049,nein,4,18.5,Großprüfening,18.5 m2,A,5.5,Privat,Zentralheizung,keine,22,ja,238,INS-2026-88102,105
347 warm,False,DG,unmöbliert,20,3,64,12.04.2026,gemischt,1962,9,2.0,93049,nein,81,18.9,Karthaus-Prüll,19 m²,E,4.9,Makler,Zentralheizung,Pantry,20,nein,78,INS-2026-61297,104
705 warm,True,EG,möbliert,18,5,43,20.01.2026,Studenten-WG,1983,9,1.0,93051,nein,24,28.9,Kumpfmühl,29 m²,F,11.4,Privat,Fernwärme,Einbauküche,45,nein,156,INS-2026-65011,72
464 €,True,DG,unmöbliert,13,4,45,23.03.2026,gemischt,1981,7,1.0,93049,ja,85,21.0,Westenviertel,"21,0 qm",E,1.8,Privat,Zentralheizung,Pantry,7,ja,83,INS-2026-29619,148
"343,00 EUR",True,3. OG,unmöbliert,18,2,51,07.04.2026,gemischt,1975,7,1.0,93051,ja,55,19.4,Königswiesen,"19,4 qm",B,1.9,Privat,Gasetagenheizung,Pantry,8,ja,29,INS-2026-52189,85
317,True,2. OG,möbliert,7,4,75,09.06.2026,Frauen-WG,1951,4,2.0,93051,nein,10,21.5,Ziegetsdorf,21.5 m2,C,10.0,Privat,Fernwärme,Einbauküche,40,ja,180,INS-2026-95076,141
Kaltmiete: 372 €,False,1. OG,unmöbliert,11,7,23,31.03.2026,gemischt,2003,4,2.5,93049,ja,9,24.4,Karthaus-Prüll,24.4 m2,C,9.8,Privat,Nachtspeicher,Einbauküche,39,nein,0,INS-2026-18174,71
515 kalt,False,2. OG,unmöbliert,16,1,58,23.01.2026,Studenten-WG,1968,5,2.0,93053,ja,60,28.2,Kasernenviertel,"28,2 qm",A,10.5,Privat,Gasetagenheizung,keine,42,nein,127,INS-2026-47226,114
158,True,EG,möbliert,22,1,114,04.05.2026,gemischt,1912,6,2.5,93049,ja,38,10.9,Großprüfening,11 m²,G,4.1,Privat,Öl,keine,17,ja,270,INS-2026-29471,87
228,False,EG,unmöbliert,17,3,9,11.05.2026,Studenten-WG,2017,4,1.5,93051,nein,70,17.8,Ziegetsdorf,"17,8 qm",H,8.5,Makler,Öl,Einbauküche,34,ja,26,INS-2026-31159,137
252 €,False,1. OG,teilmöbliert,22,2,39,24.02.2026,Studenten-WG,1987,6,1.5,93051,nein,78,14.6,Kumpfmühl,15 m²,C,9.5,Privat,Zentralheizung,Einbauküche,38,nein,35,INS-2026-72073,146
"363,00 EUR",True,3. OG,möbliert,19,6,117,03.02.2026,gemischt,1909,1,3.0,93051,nein,90,19.0,Kumpfmühl,19.0 m2,F,10.1,Makler,Pellet,Einbauküche,41,nein,89,INS-2026-34663,124
718 warm,True,1. OG,unmöbliert,13,5,7,23.05.2026,gemischt,2019,3,2.0,93047,ja,8,20.1,Innenstadt,20 m²,F,2.2,Privat,Öl,Einbauküche,9,nein,45,INS-2026-34467,153
388 warm,False,3. OG,unmöbliert,7,4,44,20.02.2026,gemischt,1982,4,1.0,93055,nein,90,28.5,Burgweinting,28.5 m2,E,10.1,Privat,Nachtspeicher,Pantry,40,ja,107,INS-2026-73188,47
271,True,1. OG,teilmöbliert,10,5,6,23.04.2026,gemischt,2020,4,2.5,93051,nein,72,18.4,Dechbetten,18 m²,A,7.6,Privat,Öl,Einbauküche,30,nein,151,INS-2026-12118,100
368 €,True,EG,teilmöbliert,2,1,29,08.03.2026,Studenten-WG,1997,10,2.0,93049,ja,89,21.2,Karthaus-Prüll,"21,2 qm",A,6.1,Privat,Nachtspeicher,Einbauküche,24,ja,62,INS-2026-65730,88
564 €,True,Souterrain,möbliert,2,6,52,22.06.2026,Frauen-WG,1974,4,2.0,93051,nein,74,34.0,Königswiesen,34 m²,C,3.0,Genossenschaft,Gasetagenheizung,keine,12,nein,9,INS-2026-83931,96
kalt 273€,False,1. OG,möbliert,13,6,40,07.01.2026,gemischt,1986,9,3.0,93051,ja,66,14.5,Kumpfmühl,14.5 m2,F,5.0,Privat,Pellet,Einbauküche,21,ja,249,INS-2026-75600,85
509 €,False,EG,möbliert,9,6,92,04.05.2026,Frauen-WG,1934,3,2.5,93047,ja,56,22.3,Innenstadt,22.3 m2,E,9.1,Privat,Nachtspeicher,Einbauküche,36,nein,180,INS-2026-91083,80
576,True,2. OG,unmöbliert,22,2,111,25.03.2026,gemischt,1915,6,1.0,93055,ja,70,29.3,Ostenviertel,29 m²,D,3.8,Makler,Zentralheizung,Einbauküche,17,nein,150,INS-2026-73255,162
"216,00 EUR",False,Souterrain,möbliert,22,1,26,26.01.2026,Studenten-WG,2000,7,3.0,93051,nein,28,17.3,Ziegetsdorf,17.3 m2,D,4.5,Privat,Zentralheizung,Pantry,18,ja,260,INS-2026-77531,122
378,False,2. OG,unmöbliert,15,6,75,26.01.2026,gemischt,1951,7,1.0,93051,ja,59,22.0,Kumpfmühl,22 m²,F,6.6,Privat,Zentralheizung,keine,26,nein,192,INS-2026-19290,176
276 €,False,1. OG,unmöbliert,12,7,38,29.04.2026,gemischt,1988,3,2.0,93049,ja,80,20.3,Karthaus-Prüll,20 m²,H,9.8,Genossenschaft,Öl,Einbauküche,38,ja,124,INS-2026-52960,100
542 €,True,1. OG,teilmöbliert,14,7,114,28.05.2026,Frauen-WG,1912,8,3.0,93047,nein,79,22.2,Innenstadt,22 m²,F,9.2,Privat,Fernwärme,Einbauküche,36,ja,142,INS-2026-26041,106
"451,00 EUR",False,2. OG,unmöbliert,20,7,76,18.02.2026,gemischt,1950,8,2.0,93049,nein,34,33.6,Westenviertel,33.6 m2,D,8.6,Privat,Nachtspeicher,Einbauküche,34,nein,90,INS-2026-86560,100
"360,00 EUR",False,2. OG,möbliert,16,5,65,19.05.2026,Männer-WG,1961,2,2.0,93055,ja,81,25.7,Burgweinting,26 m²,C,7.7,Makler,Nachtspeicher,Pantry,31,ja,9,INS-2026-23214,92
309 €,False,DG,unmöbliert,14,7,57,22.01.2026,gemischt,1969,7,3.0,93051,ja,35,20.2,Königswiesen,20 m²,C,7.4,Privat,Zentralheizung,Einbauküche,29,ja,222,INS-2026-30108,67
"449,00 EUR",True,2. OG,teilmöbliert,19,4,19,14.02.2026,gemischt,2007,3,1.0,93049,nein,31,26.6,Großprüfening,"26,6 qm",D,7.7,Privat,Pellet,Einbauküche,31,nein,189,INS-2026-56531,55
319 kalt,True,1. OG,möbliert,3,5,105,03.04.2026,gemischt,1921,2,2.5,93053,ja,2,12.9,Kasernenviertel,"12,9 qm",D,6.5,Makler,Nachtspeicher,Einbauküche,25,nein,248,INS-2026-99718,118
311 €,False,EG,unmöbliert,9,4,32,15.03.2026,gemischt,1994,1,2.0,93055,ja,28,22.4,Burgweinting,"22,4 qm",D,8.1,Makler,Öl,Einbauküche,33,ja,256,INS-2026-52630,169
556 warm,True,2. OG,unmöbliert,15,6,84,06.04.2026,Berufstätigen-WG,1942,2,1.0,93053,ja,58,22.1,Kasernenviertel,22.1 m2,C,6.2,Makler,Gasetagenheizung,keine,25,ja,140,INS-2026-80684,80
202,True,3. OG,teilmöbliert,14,6,10,15.05.2026,Studenten-WG,2016,1,2.0,93051,ja,22,11.5,Königswiesen,12 m²,G,4.2,Genossenschaft,Öl,keine,17,ja,156,INS-2026-51010,161
560 warm,False,2. OG,unmöbliert,16,1,77,12.06.2026,Studenten-WG,1949,9,3.0,93051,nein,43,31.0,Kumpfmühl,31 m²,C,8.0,Privat,Zentralheizung,keine,31,nein,80,INS-2026-76303,123
685 warm,True,3. OG,unmöbliert,7,7,12,28.06.2026,Berufstätigen-WG,2014,7,2.0,93053,nein,24,23.1,Galgenberg,"23,1 qm",D,2.8,Privat,Gasetagenheizung,Pantry,10,ja,256,INS-2026-89645,106
205 €,False,EG,teilmöbliert,12,4,72,08.05.2026,Studenten-WG,1954,5,2.0,93051,nein,28,20.3,Dechbetten,20.3 m2,F,8.8,Genossenschaft,Öl,Pantry,36,nein,4,INS-2026-70249,119
414,False,EG,unmöbliert,4,2,76,17.05.2026,Berufstätigen-WG,1950,9,1.5,93053,nein,53,21.2,Galgenberg,21.2 m2,A+,3.7,Makler,Zentralheizung,Pantry,16,ja,7,INS-2026-45917,87
301,True,EG,möbliert,6,5,17,30.01.2026,Frauen-WG,2009,4,3.0,93059,ja,84,15.7,Reinhausen,"15,7 qm",A+,7.8,Genossenschaft,Gasetagenheizung,Einbauküche,31,nein,223,INS-2026-88020,54
237 €,True,2. OG,unmöbliert,16,4,99,20.02.2026,Männer-WG,1927,7,2.0,93055,ja,52,14.4,Ostenviertel,14 m²,D,10.9,Privat,Zentralheizung,Pantry,43,nein,126,INS-2026-46891,148
31 €,False,DG,unmöbliert,5,7,124,11.01.2026,Studenten-WG,1902,10,3.0,93049,nein,39,19.7,Westenviertel,19.7 m2,A,7.5,Makler,Öl,Einbauküche,30,ja,57,INS-2026-95714,64
352,True,DG,teilmöbliert,3,7,96,17.05.2026,Studenten-WG,1930,1,1.0,93055,nein,83,21.2,Ostenviertel,21 m²,D,3.1,Privat,Pellet,Pantry,13,nein,63,INS-2026-82265,65
"371,00 EUR",False,3. OG,unmöbliert,9,5,75,24.02.2026,Frauen-WG,1951,8,2.0,93049,ja,59,31.8,Großprüfening,"31,8 qm",D,9.8,Privat,Gasetagenheizung,Einbauküche,39,nein,151,INS-2026-75697,154
344 warm,False,2. OG,unmöbliert,14,7,71,03.01.2026,Studenten-WG,1955,4,3.0,93051,nein,70,18.6,Kumpfmühl,18.6 m2,G,4.7,Privat,Nachtspeicher,keine,18,nein,269,INS-2026-75947,111
384 €,True,1. OG,teilmöbliert,19,7,117,29.04.2026,Studenten-WG,1909,8,2.5,93055,ja,60,21.2,Ostenviertel,21.2 m2,C,8.5,Makler,Gasetagenheizung,Einbauküche,34,nein,14,INS-2026-69558,108
370 €,True,3. OG,möbliert,5,2,40,26.03.2026,Studenten-WG,1986,7,1.5,93051,ja,17,18.6,Königswiesen,19 m²,D,8.1,Privat,Pellet,Pantry,33,ja,196,INS-2026-20217,111
"464,00 EUR",True,DG,unmöbliert,25,7,9,02.04.2026,Studenten-WG,2017,1,2.0,93053,ja,10,16.3,Galgenberg,16 m²,A+,2.1,Makler,Fernwärme,Einbauküche,9,ja,126,INS-2026-66020,58
412 €,True,2. OG,unmöbliert,6,7,101,03.01.2026,gemischt,1925,5,2.0,93051,nein,49,21.2,Kumpfmühl,"21,2 qm",F,5.5,Privat,Gasetagenheizung,Einbauküche,22,ja,142,INS-2026-97746,113
638 warm,True,4. OG,möbliert,11,3,89,07.04.2026,Studenten-WG,1937,2,1.5,93049,ja,8,20.8,Westenviertel,21 m²,E,11.1,Privat,Zentralheizung,Einbauküche,43,ja,127,INS-2026-65125,158
"781,00 EUR",True,2. OG,möbliert,2,6,105,03.06.2026,Berufstätigen-WG,1921,2,1.0,93047,nein,73,22.4,Innenstadt,22.4 m2,F,3.4,Privat,Zentralheizung,Einbauküche,15,nein,150,INS-2026-79400,99
579,True,EG,unmöbliert,25,7,26,03.05.2026,gemischt,2000,2,2.0,93053,nein,33,26.9,Galgenberg,26.9 m2,B,2.7,Makler,Zentralheizung,Pantry,11,nein,195,INS-2026-94279,112
"410,00 EUR",True,1. OG,teilmöbliert,23,2,42,04.03.2026,gemischt,1984,8,3.0,93055,ja,18,28.9,Burgweinting,28.9 m2,F,1.0,Privat,Zentralheizung,Einbauküche,5,nein,73,INS-2026-96031,145
481 warm,False,EG,unmöbliert,24,4,82,23.01.2026,Studenten-WG,1944,6,1.5,93059,nein,7,18.8,Stadtamhof,18.8 m2,B,11.0,Makler,Gasetagenheizung,Pantry,44,nein,245,INS-2026-71563,82
684,True,3. OG,möbliert,12,4,56,28.04.2026,Studenten-WG,1970,3,2.0,93053,nein,32,29.9,Kasernenviertel,30 m²,B,2.6,Privat,Zentralheizung,Einbauküche,11,ja,212,INS-2026-35505,118
213 €,True,EG,unmöbliert,18,7,80,12.03.2026,gemischt,1946,1,2.0,93055,nein,12,12.4,Ostenviertel,12 m²,H,2.7,Privat,Pellet,Einbauküche,11,nein,184,INS-2026-52155,112
538 €,True,DG,möbliert,11,6,98,24.02.2026,gemischt,1928,6,1.0,93053,ja,88,19.3,Galgenberg,"19,3 qm",C,10.2,Makler,Gasetagenheizung,keine,42,ja,194,INS-2026-70420,96
299 warm,False,1. OG,unmöbliert,21,6,96,08.04.2026,gemischt,1930,2,3.0,93049,nein,2,17.4,Großprüfening,"17,4 qm",A,10.8,Privat,Zentralheizung,Einbauküche,42,ja,150,INS-2026-67340,73
287,False,1. OG,teilmöbliert,21,1,37,17.01.2026,gemischt,1989,8,2.5,93053,nein,32,14.6,Kasernenviertel,"14,6 qm",B,5.4,Makler,Zentralheizung,Einbauküche,22,ja,296,INS-2026-66837,56
621 warm,True,1. OG,möbliert,9,2,20,04.03.2026,Studenten-WG,2006,5,1.0,93051,ja,87,17.5,Kumpfmühl,"17,5 qm",D,3.9,Privat,Zentralheizung,Einbauküche,16,nein,293,INS-2026-60726,129
535 warm,False,2. OG,teilmöbliert,19,1,18,07.05.2026,Studenten-WG,2008,5,3.0,93051,ja,34,26.0,Kumpfmühl,"26,0 qm",D,4.8,Makler,Gasetagenheizung,Pantry,18,nein,223,INS-2026-89420,119
220,False,4. OG,unmöbliert,22,5,89,28.01.2026,gemischt,1937,3,2.0,93049,ja,37,17.1,Großprüfening,17 m²,B,1.9,Privat,Öl,Einbauküche,7,nein,20,INS-2026-87854,137
435,True,2. OG,teilmöbliert,19,7,98,31.01.2026,Studenten-WG,1928,10,2.0,93053,ja,35,18.0,Galgenberg,18.0 m2,F,5.8,Privat,Fernwärme,Einbauküche,22,ja,30,INS-2026-85652,84
340,True,1. OG,möbliert,13,2,26,29.05.2026,gemischt,2000,4,3.0,93051,ja,75,18.6,Königswiesen,"18,6 qm",H,8.6,Genossenschaft,Fernwärme,Pantry,35,nein,240,INS-2026-74229,94
350,False,2. OG,unmöbliert,22,6,43,14.04.2026,Berufstätigen-WG,1983,5,2.5,93051,ja,47,21.8,Königswiesen,"21,8 qm",B,2.4,Privat,Zentralheizung,Pantry,9,ja,271,INS-2026-27112,121
"514,00 EUR",True,1. OG,möbliert,23,2,109,31.05.2026,Studenten-WG,1917,7,1.5,93049,nein,31,22.5,Karthaus-Prüll,"22,5 qm",B,9.9,Privat,Gasetagenheizung,Einbauküche,40,nein,19,INS-2026-28858,136
574 warm,True,EG,möbliert,18,2,95,25.05.2026,Studenten-WG,1931,2,1.5,93049,nein,33,23.2,Westenviertel,23.2 m2,B,6.0,Makler,Zentralheizung,Pantry,24,nein,289,INS-2026-54892,69
297,False,DG,unmöbliert,2,6,105,24.06.2026,Studenten-WG,1921,6,2.0,93055,nein,79,18.6,Ostenviertel,19 m²,A+,8.9,Privat,Gasetagenheizung,Pantry,36,ja,42,INS-2026-34469,126
535,False,DG,teilmöbliert,15,5,91,10.01.2026,Männer-WG,1935,1,3.0,93053,nein,61,26.1,Galgenberg,26.1 m2,E,6.1,Makler,Zentralheizung,Einbauküche,25,ja,274,INS-2026-18667,83
478 €,True,EG,teilmöbliert,14,5,9,18.05.2026,Studenten-WG,2017,1,2.0,93051,ja,50,20.7,Kumpfmühl,"20,7 qm",B,7.5,Makler,Fernwärme,Einbauküche,31,ja,34,INS-2026-84321,64
412,True,3. OG,möbliert,22,4,28,21.05.2026,Frauen-WG,1998,7,2.0,93059,ja,80,24.9,Reinhausen,"24,9 qm",D,10.5,Genossenschaft,Gasetagenheizung,keine,42,nein,27,INS-2026-24462,105
334 warm,False,3. OG,unmöbliert,6,6,46,30.01.2026,gemischt,1980,2,3.0,93053,nein,81,15.9,Galgenberg,16 m²,F,9.4,Makler,Öl,Pantry,37,nein,197,INS-2026-13690,135
"302,00 EUR",True,Souterrain,möbliert,13,4,2,15.05.2026,gemischt,2024,3,2.0,93049,nein,28,14.4,Westenviertel,14 m²,D,3.5,Privat,Öl,Einbauküche,14,ja,11,INS-2026-10921,105
335 kalt,True,2. OG,teilmöbliert,6,6,126,08.06.2026,Berufstätigen-WG,1900,10,2.0,93051,nein,7,20.4,Ziegetsdorf,"20,4 qm",D,7.9,Privat,Zentralheizung,Pantry,32,ja,228,INS-2026-49538,60
426 €,False,3. OG,teilmöbliert,11,1,89,03.05.2026,gemischt,1937,10,3.0,93053,ja,25,22.9,Galgenberg,"22,9 qm",C,3.0,Privat,Zentralheizung,Einbauküche,12,nein,82,INS-2026-62281,78
244,False,2. OG,teilmöbliert,23,7,57,12.05.2026,gemischt,1969,4,2.5,93051,nein,79,16.6,Königswiesen,"16,6 qm",E,6.3,Privat,Gasetagenheizung,Einbauküche,25,ja,261,INS-2026-79075,135
221,False,EG,unmöbliert,11,4,64,31.01.2026,gemischt,1962,1,2.0,93051,nein,49,17.1,Königswiesen,17.1 m2,H,2.2,Privat,Zentralheizung,Einbauküche,9,ja,256,INS-2026-34725,201
459 warm,True,1. OG,teilmöbliert,12,4,8,13.04.2026,gemischt,2018,9,3.0,93051,nein,1,29.4,Dechbetten,"29,4 qm",B,10.2,Privat,Zentralheizung,Einbauküche,41,ja,287,INS-2026-41254,60
298 kalt,False,3. OG,unmöbliert,16,3,27,06.04.2026,gemischt,1999,10,2.5,93047,nein,19,14.7,Innenstadt,14.7 m2,E,2.7,Privat,Fernwärme,keine,12,nein,70,INS-2026-78507,150
503 warm,True,1. OG,möbliert,14,6,95,11.05.2026,Studenten-WG,1931,7,2.0,93055,nein,71,21.5,Burgweinting,"21,5 qm",D,2.3,Makler,Zentralheizung,keine,9,nein,272,INS-2026-23777,130
657 warm,True,EG,möbliert,15,7,35,15.03.2026,Berufstätigen-WG,1991,1,1.0,93049,nein,19,22.0,Westenviertel,22 m²,D,10.8,Privat,Zentralheizung,Einbauküche,43,nein,195,INS-2026-18249,126
346 warm,False,3. OG,möbliert,17,1,54,05.01.2026,Berufstätigen-WG,1972,6,2.0,93051,nein,84,18.3,Dechbetten,18 m²,B,5.6,Makler,Öl,Einbauküche,23,nein,129,INS-2026-13192,108
"147,00 EUR",False,1. OG,teilmöbliert,13,6,42,21.01.2026,gemischt,1984,3,3.0,93051,nein,12,10.7,Königswiesen,11 m²,E,6.3,Makler,Pellet,Pantry,24,ja,1,INS-2026-32795,73
kalt 530€,False,2. OG,teilmöbliert,2,5,66,12.01.2026,gemischt,1960,4,3.0,93059,ja,76,28.2,Stadtamhof,"28,2 qm",D,4.5,Privat,Öl,Pantry,17,nein,241,INS-2026-43368,171
337 kalt,False,1. OG,unmöbliert,5,3,74,06.06.2026,gemischt,1952,5,2.0,93047,ja,9,16.5,Innenstadt,16.5 m2,D,5.1,Privat,Öl,Pantry,20,nein,18,INS-2026-61816,77
298 €,False,4. OG,teilmöbliert,21,7,105,30.04.2026,gemischt,1921,9,2.0,93051,nein,63,16.7,Kumpfmühl,"16,7 qm",D,10.7,Makler,Zentralheizung,Pantry,43,nein,250,INS-2026-15591,162
"378,00 EUR",True,1. OG,teilmöbliert,18,3,28,18.05.2026,Studenten-WG,1998,4,2.0,93051,ja,66,17.0,Kumpfmühl,"17,0 qm",D,3.9,Privat,Zentralheizung,Einbauküche,16,nein,83,INS-2026-88168,118
257,False,Souterrain,unmöbliert,8,3,86,25.02.2026,gemischt,1940,2,2.0,93055,ja,23,21.8,Burgweinting,21.8 m2,A,9.4,Makler,Gasetagenheizung,Pantry,38,nein,76,INS-2026-27540,57
410 warm,True,1. OG,unmöbliert,23,7,28,27.03.2026,Berufstätigen-WG,1998,1,2.0,93055,ja,53,18.2,Burgweinting,18.2 m2,E,3.9,Genossenschaft,Fernwärme,Einbauküche,15,nein,222,INS-2026-92964,70
kalt 419€,False,3. OG,möbliert,18,3,52,14.04.2026,Männer-WG,1974,8,3.0,93051,nein,27,28.2,Königswiesen,"28,2 qm",A+,9.4,Privat,Fernwärme,Einbauküche,38,nein,167,INS-2026-43924,79
"359,00 EUR",False,2. OG,unmöbliert,2,3,31,23.02.2026,gemischt,1995,7,1.5,93049,nein,6,21.8,Westenviertel,21.8 m2,F,10.2,Makler,Nachtspeicher,Einbauküche,41,nein,164,INS-2026-33249,134
355 kalt,False,3. OG,unmöbliert,6,5,72,10.04.2026,Studenten-WG,1954,2,2.5,93059,nein,77,23.8,Stadtamhof,"23,8 qm",B,10.5,Privat,Öl,Pantry,41,nein,254,INS-2026-37553,105
390 warm,False,3. OG,teilmöbliert,4,4,98,18.01.2026,gemischt,1928,9,2.0,93049,nein,65,17.8,Großprüfening,18 m²,H,10.8,Privat,Fernwärme,Einbauküche,44,ja,94,INS-2026-47331,143
291 €,True,EG,unmöbliert,12,7,77,19.01.2026,Frauen-WG,1949,4,1.0,93049,nein,41,17.9,Großprüfening,17.9 m2,E,4.6,Privat,Zentralheizung,Einbauküche,19,nein,104,INS-2026-44729,163
437 warm,False,DG,unmöbliert,2,6,113,06.04.2026,Frauen-WG,1913,8,2.5,93055,ja,49,29.2,Burgweinting,29 m²,B,9.3,Makler,Gasetagenheizung,Einbauküche,37,nein,182,INS-2026-98549,114
kalt 230€,False,2. OG,teilmöbliert,2,1,45,04.02.2026,gemischt,1981,2,3.0,93051,ja,41,22.4,Ziegetsdorf,"22,4 qm",D,9.2,Genossenschaft,Öl,keine,37,ja,232,INS-2026-78853,105
340,True,EG,unmöbliert,24,2,116,27.05.2026,Männer-WG,1910,9,2.5,93053,nein,18,15.4,Kasernenviertel,15.4 m2,G,4.0,Privat,Gasetagenheizung,Einbauküche,16,nein,97,INS-2026-81523,60
448 €,True,3. OG,möbliert,16,2,48,27.01.2026,Studenten-WG,1978,3,1.0,93055,nein,19,26.0,Ostenviertel,26.0 m2,B,8.0,Makler,Gasetagenheizung,Pantry,32,nein,123,INS-2026-24930,100
"341,00 EUR",True,EG,teilmöbliert,6,3,99,12.02.2026,gemischt,1927,7,1.0,93051,ja,43,15.6,Königswiesen,15.6 m2,C,3.3,Genossenschaft,Zentralheizung,Einbauküche,13,ja,233,INS-2026-74428,108
745 warm,True,EG,möbliert,5,4,84,19.01.2026,Frauen-WG,1942,3,1.5,93053,nein,67,23.6,Galgenberg,"23,6 qm",E,1.6,Privat,Pellet,keine,6,nein,25,INS-2026-97481,167
331,True,Souterrain,möbliert,12,7,23,11.06.2026,gemischt,2003,3,1.0,93049,ja,51,19.3,Großprüfening,"19,3 qm",G,1.7,Privat,Öl,Pantry,7,ja,181,INS-2026-27126,102
348 warm,True,2. OG,möbliert,22,6,21,06.06.2026,Frauen-WG,2005,9,2.0,93055,nein,49,18.5,Burgweinting,"18,5 qm",D,6.8,Makler,Nachtspeicher,Pantry,27,ja,281,INS-2026-25168,72
"364,00 EUR",False,1. OG,unmöbliert,10,6,61,20.06.2026,gemischt,1965,6,2.0,93059,nein,77,17.9,Stadtamhof,18 m²,G,2.8,Privat,Zentralheizung,Pantry,11,nein,195,INS-2026-74063,183
445 €,True,2. OG,unmöbliert,23,7,106,02.05.2026,Studenten-WG,1920,8,2.0,93053,ja,41,20.6,Galgenberg,21 m²,H,2.7,Privat,Zentralheizung,Einbauküche,12,nein,170,INS-2026-37098,116
324,True,1. OG,unmöbliert,8,5,6,22.02.2026,Studenten-WG,2020,2,2.0,93059,nein,60,18.9,Reinhausen,18.9 m2,A+,7.4,Privat,Gasetagenheizung,Einbauküche,30,ja,12,INS-2026-82949,123
430 kalt,False,EG,unmöbliert,4,5,115,30.04.2026,Berufstätigen-WG,1911,5,2.0,93059,nein,50,27.5,Reinhausen,"27,5 qm",C,9.4,Privat,Gasetagenheizung,Pantry,37,ja,236,INS-2026-46662,98
184,False,3. OG,unmöbliert,23,3,86,30.01.2026,Studenten-WG,1940,4,3.0,93053,ja,6,10.6,Kasernenviertel,10.6 m2,B,2.5,Privat,Gasetagenheizung,Pantry,11,nein,143,INS-2026-83346,54
260,False,3. OG,unmöbliert,7,7,41,21.06.2026,Männer-WG,1985,10,2.0,93055,ja,51,20.0,Burgweinting,"20,0 qm",E,1.3,Genossenschaft,Öl,Einbauküche,5,nein,125,INS-2026-32565,61
413,True,EG,teilmöbliert,7,5,37,29.05.2026,gemischt,1989,6,1.5,93059,nein,34,16.2,Stadtamhof,16 m²,A+,4.6,Privat,Zentralheizung,Pantry,18,nein,30,INS-2026-38251,63
"502,00 EUR",True,EG,unmöbliert,7,4,81,18.02.2026,Studenten-WG,1945,9,1.0,93053,ja,69,20.9,Galgenberg,21 m²,C,4.5,Privat,Gasetagenheizung,Einbauküche,18,nein,232,INS-2026-51526,82
244,False,Souterrain,unmöbliert,22,5,125,02.02.2026,gemischt,1901,7,2.5,93051,ja,84,19.1,Ziegetsdorf,19.1 m2,F,3.1,Makler,Fernwärme,Einbauküche,12,nein,61,INS-2026-74313,95
324 kalt,False,Souterrain,unmöbliert,6,1,3,05.03.2026,Frauen-WG,2023,2,2.0,93049,ja,5,19.7,Karthaus-Prüll,20 m²,F,4.6,Privat,Öl,Einbauküche,19,nein,10,INS-2026-98677,144
35 €,False,4. OG,möbliert,20,2,76,06.04.2026,Studenten-WG,1950,2,2.0,93049,nein,54,21.8,Karthaus-Prüll,22 m²,A,7.6,Privat,Öl,Pantry,31,ja,236,INS-2026-87411,92
416 €,True,1. OG,teilmöbliert,13,1,9,25.02.2026,Studenten-WG,2017,8,2.5,93051,ja,83,18.8,Kumpfmühl,"18,8 qm",B,6.3,Privat,Zentralheizung,Einbauküche,25,ja,228,INS-2026-74846,107
400 warm,False,2. OG,teilmöbliert,9,4,89,18.01.2026,gemischt,1937,5,3.0,93051,nein,66,22.5,Dechbetten,"22,5 qm",E,7.5,Makler,Öl,Pantry,30,nein,46,INS-2026-88088,173
455 €,True,3. OG,unmöbliert,20,6,77,04.03.2026,Frauen-WG,1949,4,2.0,93053,nein,74,20.1,Kasernenviertel,"20,1 qm",H,2.5,Makler,Fernwärme,Pantry,10,ja,247,INS-2026-65007,147
462 warm,True,2. OG,unmöbliert,24,2,6,01.06.2026,Studenten-WG,2020,3,2.0,93049,nein,73,22.0,Karthaus-Prüll,22 m²,E,7.4,Privat,Zentralheizung,Pantry,30,nein,112,INS-2026-71035,97
"203,00 EUR",False,1. OG,unmöbliert,21,1,39,18.05.2026,Berufstätigen-WG,1987,8,1.0,93049,nein,29,15.4,Großprüfening,15.4 m2,F,3.9,Privat,Öl,Einbauküche,16,nein,117,INS-2026-78566,109
289 €,False,DG,teilmöbliert,7,7,123,12.02.2026,Studenten-WG,1903,10,3.0,93049,ja,1,17.3,Westenviertel,"17,3 qm",A,2.1,Privat,Zentralheizung,Pantry,9,nein,251,INS-2026-91527,116
kalt 366€,True,1. OG,teilmöbliert,13,7,77,06.05.2026,Männer-WG,1949,1,2.0,93049,nein,60,18.7,Westenviertel,"18,7 qm",D,2.7,Privat,Gasetagenheizung,Pantry,11,ja,5,INS-2026-63868,105
287,True,1. OG,teilmöbliert,12,5,18,03.04.2026,Berufstätigen-WG,2008,5,1.0,93055,nein,37,17.2,Burgweinting,"17,2 qm",A,8.3,Genossenschaft,Öl,Einbauküche,34,nein,164,INS-2026-93153,66
436 €,True,EG,möbliert,4,6,104,27.05.2026,Männer-WG,1922,8,1.5,93051,ja,33,19.0,Kumpfmühl,"19,0 qm",D,4.3,Makler,Zentralheizung,Pantry,17,ja,67,INS-2026-31518,112
Kaltmiete: 256 €,False,2. OG,teilmöbliert,24,2,29,11.05.2026,Studenten-WG,1997,1,3.0,93053,ja,42,14.4,Galgenberg,"14,4 qm",F,9.0,Genossenschaft,Fernwärme,Pantry,36,nein,293,INS-2026-56246,95
625,True,2. OG,möbliert,22,4,125,24.06.2026,gemischt,1901,2,2.0,93059,nein,46,20.8,Stadtamhof,"20,8 qm",E,1.0,Privat,Gasetagenheizung,Einbauküche,5,ja,169,INS-2026-63984,55
523,True,EG,unmöbliert,15,6,5,24.06.2026,Studenten-WG,2021,4,1.0,93051,nein,67,28.1,Königswiesen,28 m²,E,9.3,Makler,Gasetagenheizung,Einbauküche,37,nein,255,INS-2026-37203,56
"423,00 EUR",True,EG,unmöbliert,24,2,91,20.06.2026,gemischt,1935,1,1.5,93053,ja,76,20.4,Kasernenviertel,"20,4 qm",C,5.6,Privat,Fernwärme,keine,23,ja,275,INS-2026-85899,99
271 warm,False,Souterrain,unmöbliert,8,5,42,27.03.2026,gemischt,1984,3,2.0,93055,ja,70,13.4,Burgweinting,13 m²,E,10.3,Makler,Öl,Einbauküche,41,ja,157,INS-2026-78231,117
453 warm,False,1. OG,unmöbliert,5,1,125,12.03.2026,gemischt,1901,7,2.5,93049,nein,19,23.3,Karthaus-Prüll,23 m²,B,9.4,Privat,Nachtspeicher,Einbauküche,38,nein,100,INS-2026-70587,70
235 €,False,2. OG,unmöbliert,2,3,68,12.02.2026,Berufstätigen-WG,1958,6,3.0,93049,ja,61,17.2,Westenviertel,17 m²,A+,11.1,Makler,Zentralheizung,Einbauküche,44,nein,52,INS-2026-68882,93
367,True,3. OG,unmöbliert,13,5,14,03.04.2026,gemischt,2012,8,2.0,93051,nein,66,17.2,Kumpfmühl,17 m²,D,5.0,Makler,Zentralheizung,Einbauküche,20,ja,119,INS-2026-42443,112
336 €,True,4. OG,möbliert,25,4,22,22.04.2026,gemischt,2004,1,1.0,93053,nein,20,15.8,Galgenberg,15.8 m2,D,8.0,Privat,Öl,Einbauküche,32,nein,82,INS-2026-73491,105
452,True,3. OG,teilmöbliert,22,7,67,26.03.2026,Studenten-WG,1959,8,1.0,93047,ja,82,17.8,Innenstadt,17.8 m2,H,5.5,Privat,Fernwärme,Einbauküche,22,nein,224,INS-2026-10569,160
431 warm,False,EG,teilmöbliert,9,1,39,17.04.2026,gemischt,1987,8,3.0,93051,ja,85,23.6,Dechbetten,"23,6 qm",E,3.3,Privat,Zentralheizung,Pantry,12,nein,98,INS-2026-62130,135
"208,00 EUR",True,2. OG,möbliert,25,2,96,25.02.2026,Studenten-WG,1930,4,2.0,93051,nein,1,12.8,Königswiesen,13 m²,D,8.9,Privat,Öl,Einbauküche,36,nein,206,INS-2026-49741,58
"321,00 EUR",True,EG,teilmöbliert,24,6,41,17.04.2026,gemischt,1985,9,1.5,93051,ja,26,19.5,Königswiesen,20 m²,E,8.1,Privat,Pellet,Pantry,33,nein,5,INS-2026-69117,132
Kaltmiete: 339 €,True,1. OG,teilmöbliert,18,3,39,11.02.2026,Berufstätigen-WG,1987,9,2.0,93051,nein,35,17.7,Kumpfmühl,"17,7 qm",A,6.9,Makler,Fernwärme,keine,27,ja,111,INS-2026-87176,88
kalt 435€,False,1. OG,unmöbliert,22,2,63,02.02.2026,gemischt,1963,9,2.0,93053,nein,7,22.2,Kasernenviertel,22.2 m2,A+,8.8,Privat,Gasetagenheizung,Einbauküche,35,nein,180,INS-2026-65415,71
208,False,3. OG,unmöbliert,18,1,79,01.03.2026,Berufstätigen-WG,1947,5,3.0,93051,ja,36,17.9,Dechbetten,18 m²,D,5.9,Makler,Fernwärme,Einbauküche,24,nein,267,INS-2026-43433,156
449 €,False,4. OG,unmöbliert,5,4,30,03.03.2026,Berufstätigen-WG,1996,6,3.0,93053,nein,51,26.5,Kasernenviertel,"26,5 qm",D,4.5,Makler,Öl,Einbauküche,18,nein,79,INS-2026-92563,72
582 warm,True,DG,teilmöbliert,16,6,28,13.01.2026,gemischt,1998,6,2.0,93055,nein,46,27.0,Burgweinting,27.0 m2,D,3.8,Privat,Fernwärme,keine,15,ja,148,INS-2026-32462,106
542 warm,False,3. OG,unmöbliert,5,6,39,24.04.2026,Studenten-WG,1987,10,1.0,93051,ja,4,25.5,Kumpfmühl,"25,5 qm",D,3.5,Makler,Gasetagenheizung,Einbauküche,13,nein,164,INS-2026-18254,74
431,False,3. OG,teilmöbliert,20,1,69,17.04.2026,Berufstätigen-WG,1957,5,2.0,93047,ja,82,18.7,Innenstadt,19 m²,B,6.5,Privat,Zentralheizung,keine,26,nein,136,INS-2026-33983,132
581 warm,True,EG,möbliert,24,3,119,23.01.2026,gemischt,1907,1,1.0,93047,nein,10,16.2,Innenstadt,"16,2 qm",B,6.3,Makler,Pellet,keine,25,ja,176,INS-2026-75374,94
"32,00 EUR",False,4. OG,möbliert,19,2,87,28.06.2026,gemischt,1939,2,2.0,93051,nein,28,17.8,Kumpfmühl,18 m²,D,8.3,Makler,Zentralheizung,Einbauküche,33,nein,292,INS-2026-36095,56
473,True,1. OG,teilmöbliert,10,1,64,03.01.2026,Berufstätigen-WG,1962,6,1.5,93053,nein,55,20.9,Kasernenviertel,20.9 m2,H,2.3,Privat,Zentralheizung,Einbauküche,9,ja,297,INS-2026-22611,101
416,True,Souterrain,teilmöbliert,21,5,107,22.01.2026,Frauen-WG,1919,7,2.0,93053,ja,5,19.1,Galgenberg,19 m²,A,10.1,Privat,Gasetagenheizung,Einbauküche,40,nein,205,INS-2026-70345,87
546,True,2. OG,unmöbliert,7,7,4,06.05.2026,Studenten-WG,2022,8,1.0,93047,ja,82,17.8,Innenstadt,"17,8 qm",A+,4.1,Privat,Gasetagenheizung,keine,16,ja,57,INS-2026-43049,100
"427,00 EUR",True,EG,teilmöbliert,3,3,102,05.06.2026,Studenten-WG,1924,9,1.0,93053,nein,21,18.3,Kasernenviertel,"18,3 qm",D,3.4,Privat,Nachtspeicher,Pantry,14,nein,36,INS-2026-76271,83
Kaltmiete: 251 €,False,3. OG,teilmöbliert,11,5,117,25.03.2026,gemischt,1909,4,2.0,93055,nein,84,16.0,Ostenviertel,16 m²,F,6.5,Genossenschaft,Zentralheizung,keine,25,nein,169,INS-2026-28487,106
404 €,False,4. OG,unmöbliert,3,1,121,01.01.2026,gemischt,1905,7,1.0,93049,ja,14,28.6,Großprüfening,"28,6 qm",B,10.4,Makler,Nachtspeicher,Einbauküche,43,nein,231,INS-2026-27236,82
446 warm,True,1. OG,unmöbliert,15,2,15,12.06.2026,gemischt,2011,2,2.0,93055,ja,2,21.1,Ostenviertel,"21,1 qm",A,5.0,Makler,Öl,Einbauküche,21,nein,290,INS-2026-82773,68
371 €,True,1. OG,teilmöbliert,10,1,114,07.01.2026,gemischt,1912,2,2.5,93055,ja,76,21.2,Ostenviertel,21.2 m2,A,8.7,Privat,Zentralheizung,keine,35,nein,41,INS-2026-31205,123
Kaltmiete: 281 €,True,4. OG,teilmöbliert,3,6,76,24.03.2026,gemischt,1950,5,1.0,93051,ja,33,18.1,Dechbetten,18 m²,D,6.8,Genossenschaft,Gasetagenheizung,Einbauküche,27,ja,107,INS-2026-34600,153
"235,00 EUR",False,2. OG,unmöbliert,20,6,52,05.04.2026,Berufstätigen-WG,1974,3,2.5,93053,nein,32,15.4,Galgenberg,15 m²,F,8.3,Privat,Öl,Pantry,33,nein,241,INS-2026-29101,149
401 warm,False,Souterrain,teilmöbliert,9,4,88,26.03.2026,Studenten-WG,1938,7,2.0,93059,nein,30,16.3,Stadtamhof,16.3 m2,B,6.7,Privat,Zentralheizung,Pantry,27,ja,229,INS-2026-31462,84
"268,00 EUR",False,1. OG,möbliert,16,7,113,26.06.2026,Studenten-WG,1913,10,3.0,93055,nein,49,16.8,Ostenviertel,"16,8 qm",A,10.4,Privat,Öl,Pantry,42,nein,258,INS-2026-39022,122
348 €,False,4. OG,unmöbliert,24,5,15,07.04.2026,Studenten-WG,2011,1,3.0,93051,ja,88,27.0,Dechbetten,27 m²,E,8.7,Privat,Gasetagenheizung,Einbauküche,34,ja,142,INS-2026-42596,99
"345,00 EUR",True,3. OG,teilmöbliert,22,7,3,25.02.2026,Studenten-WG,2023,3,1.0,93051,ja,48,22.3,Ziegetsdorf,"22,3 qm",E,2.5,Privat,Nachtspeicher,Einbauküche,10,nein,218,INS-2026-19983,70
208,False,2. OG,unmöbliert,9,5,41,25.03.2026,gemischt,1985,1,2.0,93053,nein,26,13.0,Galgenberg,13 m²,C,8.8,Privat,Gasetagenheizung,Pantry,35,nein,268,INS-2026-66434,136
Kaltmiete: 244 €,False,3. OG,teilmöbliert,21,2,50,14.01.2026,gemischt,1976,5,2.0,93055,nein,41,18.2,Burgweinting,18.2 m2,D,5.2,Privat,Gasetagenheizung,Einbauküche,21,ja,282,INS-2026-86432,136
kalt 297€,True,2. OG,teilmöbliert,14,4,2,24.03.2026,Berufstätigen-WG,2024,5,2.0,93051,ja,66,16.5,Ziegetsdorf,16.5 m2,A+,4.8,Privat,Gasetagenheizung,Einbauküche,19,nein,230,INS-2026-75231,97
"432,00 EUR",True,Souterrain,möbliert,14,6,121,06.02.2026,Studenten-WG,1905,8,2.0,93053,ja,15,19.6,Galgenberg,"19,6 qm",D,6.3,Privat,Pellet,Einbauküche,25,nein,221,INS-2026-41104,112
451,True,1. OG,möbliert,15,2,107,08.03.2026,gemischt,1919,9,2.0,93055,ja,78,23.3,Ostenviertel,23 m²,F,11.2,Privat,Zentralheizung,keine,44,nein,208,INS-2026-48415,118
kalt 325€,False,EG,unmöbliert,13,3,34,09.03.2026,gemischt,1992,7,1.0,93051,ja,61,17.4,Kumpfmühl,"17,4 qm",C,8.7,Genossenschaft,Nachtspeicher,Einbauküche,35,nein,190,INS-2026-49686,120
439 warm,True,EG,teilmöbliert,5,5,98,02.05.2026,gemischt,1928,8,2.0,93051,ja,67,16.5,Königswiesen,"16,5 qm",G,2.9,Genossenschaft,Gasetagenheizung,Einbauküche,12,nein,176,INS-2026-92789,88
Kaltmiete: 278 €,True,EG,unmöbliert,8,5,118,05.01.2026,Männer-WG,1908,3,2.0,93059,ja,76,16.1,Reinhausen,16 m²,E,6.6,Privat,Gasetagenheizung,Einbauküche,26,nein,97,INS-2026-11537,157
481 €,True,1. OG,unmöbliert,25,5,105,11.02.2026,Studenten-WG,1921,4,3.0,93053,ja,18,22.7,Galgenberg,23 m²,A,3.9,Privat,Fernwärme,Pantry,15,nein,222,INS-2026-60537,109
224 €,False,DG,teilmöbliert,6,5,63,13.01.2026,Studenten-WG,1963,10,1.0,93055,ja,34,18.2,Burgweinting,18.2 m2,B,6.8,Privat,Öl,Pantry,27,nein,213,INS-2026-40476,134
442 kalt,False,3. OG,unmöbliert,9,7,42,07.03.2026,gemischt,1984,7,3.0,93051,ja,47,25.6,Kumpfmühl,26 m²,C,4.8,Genossenschaft,Fernwärme,Einbauküche,20,ja,219,INS-2026-18858,96
454 warm,True,1. OG,möbliert,4,3,65,01.02.2026,Studenten-WG,1961,7,1.0,93051,nein,9,16.4,Königswiesen,"16,4 qm",C,1.1,Privat,Gasetagenheizung,Einbauküche,5,ja,93,INS-2026-24620,126
"921,00 EUR",True,2. OG,teilmöbliert,5,1,80,24.02.2026,gemischt,1946,4,2.0,93047,ja,90,33.2,Innenstadt,33.2 m2,D,3.3,Privat,Gasetagenheizung,Einbauküche,12,ja,135,INS-2026-57532,75
kalt 391€,True,2. OG,möbliert,22,5,44,14.02.2026,Studenten-WG,1982,4,2.0,93053,ja,4,15.1,Galgenberg,15.1 m2,A+,3.1,Privat,Gasetagenheizung,Einbauküche,12,nein,17,INS-2026-34985,62
"343,00 EUR",True,1. OG,teilmöbliert,24,1,126,27.05.2026,Berufstätigen-WG,1900,10,1.5,93059,ja,70,14.2,Reinhausen,14 m²,A+,2.8,Privat,Fernwärme,Pantry,10,nein,194,INS-2026-47536,88
284,False,Souterrain,unmöbliert,13,7,100,15.03.2026,Frauen-WG,1926,2,2.0,93055,nein,39,22.2,Burgweinting,"22,2 qm",F,10.3,Privat,Öl,Pantry,42,nein,105,INS-2026-58797,173
352,False,EG,unmöbliert,8,1,82,31.03.2026,gemischt,1944,10,2.0,93047,ja,52,16.9,Innenstadt,16.9 m2,G,8.1,Privat,Zentralheizung,keine,32,nein,173,INS-2026-27317,155
Kaltmiete: 649 €,True,2. OG,möbliert,6,2,17,20.05.2026,gemischt,2009,9,2.5,93059,ja,41,22.9,Stadtamhof,23 m²,C,4.4,Privat,Zentralheizung,Einbauküche,18,ja,237,INS-2026-92010,84
707 warm,True,1. OG,teilmöbliert,18,5,100,27.04.2026,Studenten-WG,1926,2,2.0,93049,ja,66,27.2,Karthaus-Prüll,27 m²,A,10.1,Makler,Öl,Einbauküche,40,nein,267,INS-2026-16661,140
363,True,Souterrain,unmöbliert,21,2,124,17.05.2026,gemischt,1902,9,1.0,93049,ja,36,18.0,Westenviertel,18 m²,A,8.4,Makler,Gasetagenheizung,Einbauküche,33,nein,280,INS-2026-29270,104
376,True,4. OG,möbliert,9,7,9,01.02.2026,Berufstätigen-WG,2017,9,2.0,93051,nein,13,17.6,Königswiesen,"17,6 qm",C,5.4,Privat,Gasetagenheizung,Einbauküche,22,ja,299,INS-2026-99361,105
Kaltmiete: 445 €,True,EG,unmöbliert,9,5,16,02.05.2026,Studenten-WG,2010,1,2.0,93053,nein,89,21.3,Galgenberg,21.3 m2,C,8.3,Makler,Fernwärme,Einbauküche,34,ja,273,INS-2026-45159,80
250 €,True,1. OG,teilmöbliert,13,3,121,26.03.2026,Studenten-WG,1905,1,2.5,93055,nein,22,16.7,Burgweinting,16.7 m2,A,9.8,Privat,Fernwärme,Einbauküche,40,ja,125,INS-2026-46615,60
357 €,True,1. OG,teilmöbliert,4,6,29,12.06.2026,Frauen-WG,1997,1,2.0,93049,ja,21,17.9,Karthaus-Prüll,17.9 m2,F,3.3,Privat,Fernwärme,Pantry,13,nein,296,INS-2026-40815,169
"713,00 EUR",True,3. OG,möbliert,4,6,101,02.05.2026,gemischt,1925,1,2.0,93047,ja,81,23.6,Innenstadt,"23,6 qm",A,5.2,Privat,Zentralheizung,Einbauküche,21,nein,221,INS-2026-76834,94
416 €,True,1. OG,unmöbliert,8,2,15,14.04.2026,Studenten-WG,2011,8,3.0,93059,nein,60,18.8,Stadtamhof,18.8 m2,D,5.9,Privat,Zentralheizung,Einbauküche,23,nein,240,INS-2026-21713,162
383 €,True,2. OG,möbliert,17,5,51,30.04.2026,Studenten-WG,1975,9,2.5,93055,nein,51,26.3,Burgweinting,"26,3 qm",G,1.3,Genossenschaft,Öl,Einbauküche,5,nein,255,INS-2026-86028,82
333,True,EG,möbliert,11,3,112,22.05.2026,gemischt,1914,5,1.0,93051,ja,63,14.5,Königswiesen,14.5 m2,G,11.3,Privat,Zentralheizung,Einbauküche,45,nein,65,INS-2026-75754,82
186 €,False,DG,unmöbliert,11,7,75,27.04.2026,gemischt,1951,8,3.0,93051,nein,56,21.5,Dechbetten,"21,5 qm",B,9.8,Privat,Zentralheizung,Pantry,40,nein,242,INS-2026-69617,108
242 €,False,2. OG,teilmöbliert,20,2,19,19.02.2026,gemischt,2007,10,3.0,93055,ja,13,17.4,Burgweinting,"17,4 qm",D,3.3,Makler,Zentralheizung,Einbauküche,13,nein,273,INS-2026-96947,148
207,True,4. OG,unmöbliert,22,4,100,23.04.2026,Studenten-WG,1926,1,2.0,93051,nein,87,15.2,Dechbetten,"15,2 qm",F,9.1,Makler,Zentralheizung,Einbauküche,36,ja,18,INS-2026-24305,141
180 €,False,DG,unmöbliert,16,4,34,22.06.2026,Frauen-WG,1992,4,2.0,93055,ja,27,14.0,Ostenviertel,14.0 m2,C,7.9,Privat,Zentralheizung,Pantry,32,nein,116,INS-2026-98041,93
460,True,EG,möbliert,23,3,62,30.03.2026,Frauen-WG,1964,3,2.0,93047,nein,12,18.4,Innenstadt,18.4 m2,E,7.8,Makler,Fernwärme,Einbauküche,30,ja,117,INS-2026-27556,145
"182,00 EUR",False,3. OG,unmöbliert,7,1,63,12.04.2026,Studenten-WG,1963,2,3.0,93051,nein,84,21.0,Dechbetten,21 m²,D,6.2,Genossenschaft,Gasetagenheizung,Einbauküche,24,nein,91,INS-2026-39494,143
Kaltmiete: 396 €,False,3. OG,unmöbliert,21,3,44,06.01.2026,Studenten-WG,1982,1,2.0,93047,nein,88,20.1,Innenstadt,"20,1 qm",A+,5.7,Privat,Zentralheizung,keine,22,nein,275,INS-2026-22068,107
421,False,3. OG,unmöbliert,19,5,78,24.04.2026,Studenten-WG,1948,5,2.0,93049,ja,53,25.3,Westenviertel,25 m²,E,8.4,Privat,Pellet,Einbauküche,35,ja,153,INS-2026-89339,132
259,True,2. OG,unmöbliert,18,7,125,04.03.2026,gemischt,1901,6,2.0,93055,nein,51,15.8,Ostenviertel,15.8 m2,E,3.7,Privat,Öl,Einbauküche,15,nein,146,INS-2026-70044,96
492 warm,True,1. OG,unmöbliert,8,1,91,10.05.2026,Berufstätigen-WG,1935,2,2.0,93055,ja,21,20.5,Ostenviertel,20.5 m2,C,2.7,Privat,Öl,Pantry,11,nein,286,INS-2026-91881,139
547 warm,False,2. OG,unmöbliert,17,5,19,17.02.2026,Studenten-WG,2007,6,3.0,93051,nein,83,23.3,Kumpfmühl,"23,3 qm",A,3.7,Privat,Öl,Einbauküche,14,nein,210,INS-2026-91737,123
263 kalt,False,4. OG,möbliert,25,6,109,14.01.2026,Studenten-WG,1917,3,2.0,93051,nein,53,15.4,Kumpfmühl,15 m²,B,4.3,Privat,Öl,keine,17,nein,170,INS-2026-60719,59
Kaltmiete: 366 €,True,3. OG,unmöbliert,15,6,6,10.01.2026,Berufstätigen-WG,2020,8,1.5,93055,nein,59,20.5,Ostenviertel,"20,5 qm",B,3.2,Privat,Nachtspeicher,keine,13,nein,62,INS-2026-63662,85
571 warm,True,DG,teilmöbliert,23,4,111,19.06.2026,Frauen-WG,1915,10,1.0,93053,ja,39,23.3,Galgenberg,23 m²,C,7.0,Makler,Zentralheizung,Einbauküche,28,nein,18,INS-2026-11886,56
255,False,Souterrain,möbliert,20,4,110,18.05.2026,Männer-WG,1916,8,2.0,93049,nein,14,14.3,Westenviertel,14 m²,B,11.2,Privat,Gasetagenheizung,Pantry,44,nein,200,INS-2026-28507,105
430 warm,True,2. OG,unmöbliert,4,4,112,11.01.2026,Frauen-WG,1914,1,1.0,93051,ja,78,14.5,Königswiesen,"14,5 qm",B,7.9,Privat,Zentralheizung,Einbauküche,33,nein,284,INS-2026-54688,119
"355,00 EUR",False,Souterrain,unmöbliert,23,3,46,12.06.2026,gemischt,1980,7,2.0,93059,ja,58,26.2,Reinhausen,26.2 m2,D,10.7,Privat,Zentralheizung,Einbauküche,44,nein,8,INS-2026-41324,141
"283,00 EUR",True,3. OG,teilmöbliert,23,6,4,06.01.2026,Studenten-WG,2022,1,3.0,93055,nein,20,15.8,Ostenviertel,"15,8 qm",E,9.8,Privat,Fernwärme,Einbauküche,39,ja,204,INS-2026-35607,101
198 €,False,3. OG,unmöbliert,21,5,62,26.04.2026,gemischt,1964,4,2.0,93051,ja,36,12.5,Kumpfmühl,12 m²,H,3.6,Makler,Gasetagenheizung,Einbauküche,15,nein,228,INS-2026-58674,124
282,True,2. OG,unmöbliert,8,4,3,14.04.2026,gemischt,2023,6,2.0,93051,nein,46,16.4,Königswiesen,"16,4 qm",D,7.7,Privat,Gasetagenheizung,Einbauküche,31,nein,59,INS-2026-77392,118
"319,00 EUR",False,2. OG,unmöbliert,13,1,107,27.05.2026,gemischt,1919,4,2.0,93051,ja,15,17.5,Kumpfmühl,17.5 m2,D,4.7,Privat,Zentralheizung,Pantry,19,nein,156,INS-2026-43780,62
570 €,True,EG,unmöbliert,22,5,119,17.01.2026,Berufstätigen-WG,1907,10,1.0,93055,nein,87,31.5,Ostenviertel,32 m²,C,6.6,Makler,Öl,Einbauküche,26,nein,235,INS-2026-32024,70
334 warm,False,3. OG,unmöbliert,7,4,31,04.05.2026,gemischt,1995,4,2.0,93051,nein,19,14.6,Ziegetsdorf,14.6 m2,E,6.7,Makler,Zentralheizung,Pantry,27,nein,243,INS-2026-33014,143
"259,00 EUR",False,EG,unmöbliert,25,1,68,27.01.2026,gemischt,1958,9,2.5,93049,ja,26,19.3,Großprüfening,19 m²,C,9.7,Genossenschaft,Zentralheizung,Einbauküche,39,nein,165,INS-2026-50796,142
553,True,2. OG,unmöbliert,19,6,25,20.02.2026,gemischt,2001,8,1.0,93055,ja,72,29.9,Ostenviertel,29.9 m2,D,10.0,Privat,Gasetagenheizung,Einbauküche,39,ja,155,INS-2026-24822,88
596 warm,True,1. OG,unmöbliert,10,6,97,08.01.2026,Frauen-WG,1929,2,2.0,93051,nein,12,21.2,Kumpfmühl,"21,2 qm",H,2.8,Privat,Zentralheizung,Pantry,11,nein,268,INS-2026-75008,134
333 warm,False,3. OG,unmöbliert,17,3,52,06.01.2026,Studenten-WG,1974,9,1.0,93049,nein,84,13.4,Westenviertel,13.4 m2,H,8.5,Makler,Nachtspeicher,Pantry,34,ja,124,INS-2026-89653,135
Kaltmiete: 281 €,True,3. OG,unmöbliert,25,7,13,14.05.2026,Studenten-WG,2013,4,1.5,93055,ja,87,18.3,Burgweinting,18.3 m2,F,6.3,Makler,Gasetagenheizung,Einbauküche,25,ja,246,INS-2026-34788,147
213,False,2. OG,unmöbliert,24,1,55,27.06.2026,gemischt,1971,10,2.0,93049,nein,76,12.2,Westenviertel,"12,2 qm",B,1.2,Privat,Öl,Einbauküche,5,nein,233,INS-2026-34784,89
"459,00 EUR",True,EG,teilmöbliert,16,7,63,01.05.2026,gemischt,1963,6,1.0,93055,ja,65,28.3,Burgweinting,"28,3 qm",C,3.1,Makler,Öl,Einbauküche,12,nein,51,INS-2026-22952,101
320,False,3. OG,unmöbliert,13,3,89,15.02.2026,Studenten-WG,1937,3,2.5,93055,ja,3,22.2,Ostenviertel,22 m²,C,1.7,Privat,Pellet,Pantry,8,nein,211,INS-2026-93264,140
929 €,True,1. OG,unmöbliert,14,6,101,24.03.2026,gemischt,1925,3,2.0,93059,nein,46,33.8,Stadtamhof,33.8 m2,D,3.4,Makler,Gasetagenheizung,Einbauküche,15,nein,23,INS-2026-42924,87
415 €,True,4. OG,möbliert,18,1,124,30.01.2026,Studenten-WG,1902,5,1.0,93051,nein,87,19.5,Königswiesen,20 m²,D,9.3,Privat,Nachtspeicher,Einbauküche,37,ja,60,INS-2026-95109,123
167 €,False,EG,unmöbliert,13,3,94,24.02.2026,Studenten-WG,1932,1,2.5,93055,ja,22,13.4,Burgweinting,"13,4 qm",H,3.8,Makler,Zentralheizung,Pantry,15,nein,168,INS-2026-95513,104
334 €,True,2. OG,möbliert,16,7,125,12.06.2026,Männer-WG,1901,4,2.0,93053,nein,68,13.6,Galgenberg,13.6 m2,C,2.0,Makler,Gasetagenheizung,Pantry,8,ja,170,INS-2026-34038,145
219,True,1. OG,möbliert,8,7,39,01.01.2026,gemischt,1987,7,3.0,93051,ja,30,13.5,Königswiesen,13.5 m2,D,7.8,Privat,Zentralheizung,Einbauküche,31,ja,255,INS-2026-79697,165
449,False,DG,unmöbliert,8,2,94,09.05.2026,gemischt,1932,9,2.0,93049,ja,28,31.6,Westenviertel,32 m²,B,4.1,Privat,Fernwärme,Einbauküche,16,nein,29,INS-2026-51676,127
446 warm,True,1. OG,unmöbliert,10,4,86,22.01.2026,Berufstätigen-WG,1940,9,1.0,93049,nein,69,17.8,Westenviertel,"17,8 qm",D,4.4,Makler,Zentralheizung,Einbauküche,17,ja,180,INS-2026-51075,75
389 warm,True,EG,teilmöbliert,8,2,19,13.02.2026,gemischt,2007,9,1.0,93059,ja,8,16.4,Reinhausen,16 m²,E,9.9,Privat,Gasetagenheizung,Einbauküche,40,nein,87,INS-2026-31495,100
306 kalt,False,3. OG,unmöbliert,25,5,80,31.05.2026,Studenten-WG,1946,3,2.0,93055,nein,76,29.9,Burgweinting,30 m²,G,7.7,Genossenschaft,Nachtspeicher,Einbauküche,31,nein,234,INS-2026-41661,106
401 kalt,True,2. OG,teilmöbliert,21,7,83,25.06.2026,gemischt,1943,3,1.0,93053,nein,25,18.9,Galgenberg,19 m²,C,10.4,Privat,Gasetagenheizung,Pantry,42,ja,85,INS-2026-40518,53
Kaltmiete: 448 €,False,4. OG,unmöbliert,7,4,63,05.03.2026,Frauen-WG,1963,6,1.5,93059,nein,56,22.3,Stadtamhof,22 m²,G,3.2,Privat,Zentralheizung,Einbauküche,12,nein,251,INS-2026-48445,154
"355,00 EUR",True,1. OG,möbliert,20,1,74,09.01.2026,Studenten-WG,1952,6,1.0,93055,ja,72,19.8,Burgweinting,"19,8 qm",F,5.2,Genossenschaft,Zentralheizung,Pantry,21,ja,185,INS-2026-17328,161
370 kalt,False,4. OG,möbliert,3,3,71,03.03.2026,Studenten-WG,1955,4,3.0,93053,nein,87,23.1,Kasernenviertel,"23,1 qm",C,7.3,Privat,Nachtspeicher,keine,29,nein,140,INS-2026-41701,99
446 warm,False,Souterrain,teilmöbliert,15,6,104,14.05.2026,gemischt,1922,8,2.0,93051,nein,81,19.4,Königswiesen,"19,4 qm",D,5.3,Genossenschaft,Zentralheizung,Pantry,22,nein,46,INS-2026-38457,152
763 warm,False,3. OG,möbliert,24,7,76,18.01.2026,Studenten-WG,1950,10,2.0,93047,ja,31,29.4,Innenstadt,29.4 m2,C,2.8,Privat,Zentralheizung,keine,11,nein,290,INS-2026-97020,93
kalt 292€,True,4. OG,unmöbliert,14,2,52,28.05.2026,Studenten-WG,1974,8,1.5,93055,nein,83,18.8,Burgweinting,18.8 m2,D,1.8,Privat,Zentralheizung,Einbauküche,7,ja,257,INS-2026-35500,90
358 €,False,1. OG,teilmöbliert,12,6,62,17.04.2026,gemischt,1964,4,2.0,93051,ja,16,19.4,Kumpfmühl,19.4 m2,E,3.0,Privat,Gasetagenheizung,Pantry,11,nein,133,INS-2026-33424,154
620 warm,True,1. OG,teilmöbliert,8,6,57,28.06.2026,Männer-WG,1969,6,1.0,93047,nein,15,20.1,Innenstadt,20 m²,H,4.4,Makler,Zentralheizung,Einbauküche,18,ja,157,INS-2026-25472,117
769 warm,True,EG,teilmöbliert,4,6,15,02.05.2026,gemischt,2011,2,1.0,93053,ja,52,22.7,Kasernenviertel,22.7 m2,D,5.1,Privat,Zentralheizung,Pantry,21,nein,29,INS-2026-68919,165
629,True,1. OG,möbliert,11,3,28,13.04.2026,Studenten-WG,1998,6,1.5,93053,nein,16,23.3,Kasernenviertel,23 m²,D,1.9,Genossenschaft,Zentralheizung,Einbauküche,9,ja,145,INS-2026-17205,126
415,False,3. OG,möbliert,12,6,91,15.06.2026,Studenten-WG,1935,10,2.0,93053,ja,29,21.4,Kasernenviertel,"21,4 qm",F,3.6,Makler,Öl,keine,13,nein,183,INS-2026-21588,163
"423,00 EUR",True,EG,unmöbliert,17,1,117,05.06.2026,gemischt,1909,5,2.0,93047,nein,77,17.1,Innenstadt,"17,1 qm",D,10.9,Makler,Fernwärme,keine,44,nein,133,INS-2026-63305,69
311 €,False,3. OG,unmöbliert,7,1,48,06.01.2026,gemischt,1978,6,3.0,93055,nein,49,24.9,Ostenviertel,24.9 m2,H,2.8,Makler,Öl,Pantry,10,ja,121,INS-2026-17506,96
334,True,DG,möbliert,22,1,17,14.02.2026,Männer-WG,2009,1,2.0,93049,nein,61,17.8,Großprüfening,18 m²,B,10.2,Privat,Gasetagenheizung,Einbauküche,40,ja,182,INS-2026-14145,106
429,True,3. OG,möbliert,5,6,5,11.02.2026,gemischt,2021,2,2.0,93053,ja,38,17.2,Galgenberg,17 m²,G,2.0,Privat,Gasetagenheizung,keine,7,nein,134,INS-2026-82267,139
274,True,3. OG,unmöbliert,20,4,16,08.03.2026,gemischt,2010,6,1.0,93051,ja,89,19.0,Ziegetsdorf,19.0 m2,C,7.1,Privat,Gasetagenheizung,Einbauküche,28,nein,182,INS-2026-43192,108
Kaltmiete: 506 €,False,3. OG,möbliert,13,4,83,04.04.2026,Berufstätigen-WG,1943,2,2.0,93053,nein,70,27.7,Kasernenviertel,27.7 m2,H,10.9,Makler,Gasetagenheizung,Einbauküche,44,nein,176,INS-2026-61621,77
336 €,False,EG,teilmöbliert,23,7,105,14.03.2026,Studenten-WG,1921,9,2.5,93055,nein,26,26.1,Burgweinting,26 m²,F,10.6,Makler,Öl,Pantry,43,ja,279,INS-2026-27536,156
Kaltmiete: 451 €,False,3. OG,unmöbliert,7,2,10,19.03.2026,gemischt,2016,9,2.5,93051,nein,71,28.3,Kumpfmühl,28 m²,G,4.8,Privat,Gasetagenheizung,keine,21,nein,294,INS-2026-87830,167
381,False,3. OG,möbliert,15,3,20,07.06.2026,gemischt,2006,3,3.0,93047,nein,33,16.7,Innenstadt,16.7 m2,G,7.1,Privat,Zentralheizung,Pantry,28,ja,96,INS-2026-59355,113
428 €,False,EG,unmöbliert,20,6,108,06.02.2026,gemischt,1918,5,2.0,93059,nein,54,24.2,Stadtamhof,24 m²,G,8.7,Makler,Gasetagenheizung,keine,34,ja,165,INS-2026-66088,151
413,True,4. OG,teilmöbliert,20,1,116,11.03.2026,Studenten-WG,1910,8,3.0,93055,ja,83,23.3,Ostenviertel,"23,3 qm",F,3.5,Privat,Zentralheizung,Einbauküche,14,ja,24,INS-2026-83777,142
Kaltmiete: 233 €,False,2. OG,unmöbliert,9,5,102,30.03.2026,Frauen-WG,1924,6,3.0,93051,ja,29,19.7,Ziegetsdorf,19.7 m2,D,4.7,Privat,Öl,Einbauküche,19,ja,84,INS-2026-38976,100
918 €,True,DG,möbliert,5,5,119,07.01.2026,gemischt,1907,9,1.0,93047,ja,86,22.8,Innenstadt,"22,8 qm",E,3.0,Genossenschaft,Gasetagenheizung,Einbauküche,12,ja,151,INS-2026-27562,66
kalt 406€,False,DG,unmöbliert,15,2,126,05.03.2026,Berufstätigen-WG,1900,5,1.0,93051,nein,50,23.3,Kumpfmühl,23 m²,D,10.0,Privat,Zentralheizung,Einbauküche,40,nein,263,INS-2026-91676,123
60 €,True,EG,teilmöbliert,4,7,27,05.02.2026,Frauen-WG,1999,8,2.5,93051,nein,29,31.2,Kumpfmühl,"31,2 qm",H,3.4,Privat,Zentralheizung,Pantry,14,nein,203,INS-2026-71114,108
282 kalt,False,3. OG,unmöbliert,22,6,47,26.05.2026,Studenten-WG,1979,9,3.0,93049,ja,41,27.6,Großprüfening,"27,6 qm",A,8.1,Privat,Zentralheizung,Pantry,32,nein,107,INS-2026-85165,73
492 €,False,2. OG,unmöbliert,3,5,67,06.05.2026,Männer-WG,1959,2,2.0,93047,ja,90,20.7,Innenstadt,"20,7 qm",H,2.0,Makler,Zentralheizung,Einbauküche,8,nein,47,INS-2026-69347,143
396 €,True,EG,teilmöbliert,19,2,98,20.03.2026,Studenten-WG,1928,4,2.0,93055,ja,27,21.4,Ostenviertel,21.4 m2,F,1.6,Privat,Gasetagenheizung,Pantry,6,ja,186,INS-2026-87192,66
319,False,1. OG,teilmöbliert,15,7,87,24.02.2026,Frauen-WG,1939,1,3.0,93049,ja,2,18.3,Westenviertel,"18,3 qm",G,3.0,Privat,Zentralheizung,Pantry,13,ja,90,INS-2026-57691,108
404,False,Souterrain,teilmöbliert,11,7,81,09.05.2026,Studenten-WG,1945,6,2.0,93049,ja,12,25.7,Westenviertel,26 m²,E,5.8,Privat,Öl,Pantry,24,ja,48,INS-2026-95085,70
"225,00 EUR",False,EG,teilmöbliert,24,2,41,18.01.2026,Frauen-WG,1985,6,2.5,93051,ja,77,18.0,Dechbetten,18.0 m2,C,10.9,Privat,Fernwärme,Einbauküche,43,nein,126,INS-2026-37326,116
"548,00 EUR",True,EG,teilmöbliert,21,2,21,06.02.2026,gemischt,2005,7,3.0,93047,ja,23,21.3,Innenstadt,"21,3 qm",A,5.8,Makler,Zentralheizung,Einbauküche,24,nein,225,INS-2026-26150,110
343 €,True,2. OG,unmöbliert,2,2,105,27.03.2026,Frauen-WG,1921,5,1.0,93051,ja,15,16.6,Königswiesen,17 m²,A,5.4,Privat,Zentralheizung,Pantry,22,ja,185,INS-2026-39295,115
Kaltmiete: 231 €,False,EG,möbliert,4,3,38,11.02.2026,Männer-WG,1988,3,2.0,93051,ja,69,12.8,Kumpfmühl,13 m²,E,6.3,Makler,Gasetagenheizung,keine,24,nein,78,INS-2026-70311,156
332 €,False,2. OG,unmöbliert,6,3,102,02.02.2026,gemischt,1924,7,2.5,93059,ja,89,21.8,Reinhausen,22 m²,B,10.2,Makler,Öl,Einbauküche,41,ja,272,INS-2026-89498,124
393,False,EG,unmöbliert,25,2,92,06.06.2026,gemischt,1934,10,3.0,93047,nein,77,18.8,Innenstadt,"18,8 qm",E,1.7,Privat,Öl,keine,7,nein,129,INS-2026-95811,129
"333,00 EUR",False,EG,teilmöbliert,21,6,58,21.05.2026,Studenten-WG,1968,6,3.0,93047,nein,38,16.7,Innenstadt,"16,7 qm",D,6.0,Privat,Gasetagenheizung,keine,24,nein,97,INS-2026-29092,58
267 €,False,2. OG,unmöbliert,4,4,56,03.06.2026,gemischt,1970,7,2.0,93051,nein,49,15.6,Kumpfmühl,16 m²,H,3.3,Makler,Gasetagenheizung,Einbauküche,13,nein,218,INS-2026-38237,77
281 €,False,DG,unmöbliert,24,4,5,24.06.2026,Frauen-WG,2021,6,1.5,93059,nein,34,17.5,Reinhausen,17.5 m2,A,7.7,Privat,Fernwärme,Einbauküche,31,nein,171,INS-2026-55117,47
399,False,4. OG,unmöbliert,22,3,118,05.03.2026,Berufstätigen-WG,1908,8,2.0,93055,nein,38,25.8,Ostenviertel,"25,8 qm",C,7.5,Makler,Öl,Pantry,30,ja,285,INS-2026-48099,157
313,False,4. OG,unmöbliert,13,4,14,21.01.2026,gemischt,2012,6,3.0,93059,ja,56,23.2,Reinhausen,"23,2 qm",E,1.3,Privat,Gasetagenheizung,keine,6,nein,222,INS-2026-66746,127
311,False,2. OG,teilmöbliert,14,2,63,17.04.2026,Studenten-WG,1963,2,3.0,93049,ja,48,22.5,Karthaus-Prüll,"22,5 qm",E,10.2,Privat,Fernwärme,Pantry,41,nein,197,INS-2026-22823,57
431,True,4. OG,unmöbliert,8,3,36,19.06.2026,Berufstätigen-WG,1990,2,2.0,93051,ja,57,21.3,Königswiesen,21 m²,A+,2.5,Privat,Öl,Einbauküche,9,ja,172,INS-2026-18334,56
243,False,Souterrain,unmöbliert,23,5,53,08.02.2026,gemischt,1973,9,3.0,93049,ja,34,18.2,Westenviertel,18 m²,E,4.1,Makler,Zentralheizung,keine,18,ja,175,INS-2026-45202,132
410 warm,True,EG,unmöbliert,17,7,5,13.04.2026,gemischt,2021,9,2.0,93053,nein,13,13.7,Galgenberg,13.7 m2,A+,11.3,Makler,Pellet,keine,45,nein,49,INS-2026-47376,107
207,False,2. OG,unmöbliert,16,5,91,16.01.2026,Studenten-WG,1935,2,3.0,93055,nein,2,18.7,Burgweinting,"18,7 qm",D,5.6,Makler,Gasetagenheizung,keine,22,ja,34,INS-2026-58642,158
506,True,2. OG,unmöbliert,18,2,123,31.05.2026,gemischt,1903,9,1.0,93055,ja,85,26.4,Ostenviertel,26.4 m2,E,4.5,Makler,Fernwärme,Pantry,19,ja,227,INS-2026-23015,92
415,False,3. OG,unmöbliert,21,4,80,21.05.2026,gemischt,1946,2,3.0,93059,nein,68,22.8,Stadtamhof,23 m²,A,11.3,Makler,Zentralheizung,Einbauküche,45,nein,37,INS-2026-26079,104
263,True,4. OG,unmöbliert,21,7,67,21.01.2026,Berufstätigen-WG,1959,4,1.0,93049,nein,25,17.7,Großprüfening,"17,7 qm",C,8.1,Makler,Zentralheizung,Pantry,33,ja,154,INS-2026-93317,122
407 €,False,EG,unmöbliert,17,1,30,20.03.2026,gemischt,1996,9,2.0,93053,ja,44,22.1,Kasernenviertel,22.1 m2,B,4.6,Makler,Gasetagenheizung,keine,18,nein,243,INS-2026-57721,109
614,True,2. OG,teilmöbliert,15,6,2,31.03.2026,gemischt,2024,4,2.0,93053,nein,58,25.6,Galgenberg,25.6 m2,C,6.0,Privat,Zentralheizung,Pantry,24,ja,173,INS-2026-70764,79
"265,00 EUR",True,4. OG,möbliert,7,3,31,26.06.2026,Berufstätigen-WG,1995,1,3.0,93059,ja,85,15.5,Reinhausen,16 m²,B,2.0,Privat,Zentralheizung,Einbauküche,8,nein,53,INS-2026-36173,131
431,False,3. OG,unmöbliert,24,3,95,19.05.2026,Studenten-WG,1931,3,2.0,93053,nein,73,25.6,Kasernenviertel,"25,6 qm",C,8.1,Privat,Gasetagenheizung,Einbauküche,32,nein,71,INS-2026-25845,67
188 €,False,2. OG,unmöbliert,6,1,14,05.06.2026,Männer-WG,2012,8,2.0,93059,nein,8,11.9,Reinhausen,11.9 m2,F,4.6,Makler,Zentralheizung,Pantry,18,nein,163,INS-2026-41140,109
"371,00 EUR",False,1. OG,teilmöbliert,21,2,77,16.06.2026,gemischt,1949,2,2.5,93053,nein,82,21.8,Kasernenviertel,"21,8 qm",C,8.0,Makler,Nachtspeicher,Pantry,32,nein,282,INS-2026-83246,93
"299,00 EUR",False,2. OG,unmöbliert,2,2,30,23.05.2026,Studenten-WG,1996,4,1.0,93049,ja,54,22.2,Großprüfening,"22,2 qm",C,6.9,Makler,Nachtspeicher,Einbauküche,28,nein,201,INS-2026-58956,122
"194,00 EUR",False,4. OG,unmöbliert,15,2,68,26.02.2026,gemischt,1958,2,3.0,93051,ja,28,19.5,Dechbetten,"19,5 qm",E,5.8,Privat,Öl,Einbauküche,23,nein,68,INS-2026-67438,169
"275,00 EUR",False,DG,unmöbliert,20,5,98,05.06.2026,gemischt,1928,2,3.0,93047,nein,78,16.2,Innenstadt,16.2 m2,E,11.0,Privat,Zentralheizung,keine,44,nein,297,INS-2026-69294,90
748 warm,True,2. OG,möbliert,8,3,44,12.04.2026,Frauen-WG,1982,5,1.5,93053,nein,57,25.5,Kasernenviertel,"25,5 qm",G,5.4,Makler,Fernwärme,Einbauküche,22,nein,91,INS-2026-48975,127
"338,00 EUR",False,1. OG,unmöbliert,13,1,3,07.02.2026,gemischt,2023,3,2.0,93053,nein,41,17.0,Galgenberg,17 m²,B,6.9,Makler,Nachtspeicher,Einbauküche,28,ja,118,INS-2026-36546,69
443 warm,True,EG,teilmöbliert,17,3,120,30.01.2026,Männer-WG,1906,8,2.0,93059,nein,47,15.4,Stadtamhof,15 m²,C,10.9,Privat,Zentralheizung,Einbauküche,45,nein,13,INS-2026-69129,109
308,False,DG,teilmöbliert,16,3,56,12.06.2026,gemischt,1970,10,1.0,93053,nein,10,16.5,Galgenberg,"16,5 qm",A+,11.0,Privat,Fernwärme,Einbauküche,44,nein,258,INS-2026-21836,70
"323,00 EUR",False,EG,teilmöbliert,12,3,40,24.04.2026,Frauen-WG,1986,1,2.5,93053,ja,31,17.6,Galgenberg,"17,6 qm",D,11.0,Privat,Zentralheizung,Einbauküche,45,ja,130,INS-2026-86146,137
"355,00 EUR",True,1. OG,unmöbliert,7,1,91,14.03.2026,gemischt,1935,10,1.0,93055,ja,41,20.9,Burgweinting,20.9 m2,E,2.3,Genossenschaft,Gasetagenheizung,keine,10,nein,144,INS-2026-81774,100
437 warm,False,EG,unmöbliert,10,3,121,17.05.2026,Studenten-WG,1905,5,3.0,93047,ja,12,14.1,Innenstadt,14 m²,H,3.2,Privat,Zentralheizung,Einbauküche,13,nein,4,INS-2026-39944,109
Kaltmiete: 329 €,True,3. OG,teilmöbliert,24,2,105,06.04.2026,Berufstätigen-WG,1921,6,1.0,93051,nein,63,18.5,Königswiesen,"18,5 qm",F,9.0,Makler,Fernwärme,Pantry,37,nein,132,INS-2026-40465,143
343,False,DG,unmöbliert,24,4,70,02.01.2026,gemischt,1956,6,2.0,93051,ja,89,19.2,Kumpfmühl,"19,2 qm",E,9.4,Privat,Öl,Pantry,37,ja,138,INS-2026-82393,69
350 warm,True,DG,unmöbliert,20,7,23,19.03.2026,Studenten-WG,2003,9,2.0,93051,ja,14,13.4,Königswiesen,13.4 m2,F,2.2,Makler,Pellet,Pantry,9,ja,24,INS-2026-57582,98
237,True,1. OG,unmöbliert,13,5,96,03.05.2026,gemischt,1930,2,2.0,93051,ja,17,17.5,Dechbetten,17.5 m2,D,3.4,Privat,Zentralheizung,Pantry,15,nein,220,INS-2026-88269,56
kalt 494€,False,1. OG,unmöbliert,8,7,27,04.02.2026,Frauen-WG,1999,9,2.0,93059,nein,59,24.4,Stadtamhof,"24,4 qm",F,11.2,Makler,Öl,Einbauküche,44,ja,29,INS-2026-85387,166
501 €,True,EG,teilmöbliert,20,5,85,04.02.2026,Studenten-WG,1941,8,1.0,93059,ja,36,18.2,Stadtamhof,18.2 m2,E,2.7,Privat,Fernwärme,Einbauküche,10,ja,9,INS-2026-45203,68
268,False,EG,unmöbliert,19,4,47,05.02.2026,Studenten-WG,1979,4,3.0,93047,ja,25,14.0,Innenstadt,"14,0 qm",A+,7.6,Privat,Zentralheizung,Pantry,29,nein,121,INS-2026-89606,84
359 €,True,4. OG,möbliert,23,5,66,27.04.2026,Berufstätigen-WG,1960,10,2.0,93059,nein,43,14.9,Stadtamhof,"14,9 qm",D,2.4,Privat,Öl,Einbauküche,9,ja,15,INS-2026-46539,156
410 €,True,1. OG,unmöbliert,25,7,72,14.01.2026,Berufstätigen-WG,1954,2,1.0,93051,ja,58,24.4,Ziegetsdorf,"24,4 qm",E,3.7,Privat,Zentralheizung,Einbauküche,15,nein,119,INS-2026-75313,152
268,False,2. OG,möbliert,12,5,84,16.02.2026,gemischt,1942,3,3.0,93049,ja,2,17.6,Karthaus-Prüll,18 m²,D,9.3,Makler,Nachtspeicher,Einbauküche,37,ja,284,INS-2026-29052,54
"226,00 EUR",False,2. OG,teilmöbliert,20,6,67,09.01.2026,Frauen-WG,1959,7,1.0,93059,ja,66,14.4,Reinhausen,14.4 m2,H,8.4,Genossenschaft,Gasetagenheizung,keine,34,nein,145,INS-2026-81908,185
673 warm,True,4. OG,möbliert,19,4,39,13.01.2026,gemischt,1987,7,2.5,93051,ja,45,24.2,Kumpfmühl,24.2 m2,A+,4.0,Privat,Fernwärme,Einbauküche,17,ja,145,INS-2026-23496,66
728 warm,True,3. OG,möbliert,12,6,29,08.02.2026,gemischt,1997,7,2.0,93053,ja,79,26.0,Kasernenviertel,26.0 m2,C,7.2,Makler,Zentralheizung,Pantry,28,nein,14,INS-2026-81825,146
305 €,True,3. OG,möbliert,13,7,82,22.03.2026,Studenten-WG,1944,4,2.0,93051,ja,4,18.5,Königswiesen,18 m²,A,5.3,Privat,Gasetagenheizung,Pantry,21,nein,57,INS-2026-70579,79
277 €,True,EG,unmöbliert,17,3,10,13.03.2026,Studenten-WG,2016,9,1.0,93051,nein,54,18.9,Dechbetten,19 m²,E,11.3,Makler,Gasetagenheizung,Einbauküche,45,nein,136,INS-2026-96610,114
205,False,Souterrain,unmöbliert,25,5,59,04.03.2026,Studenten-WG,1967,9,3.0,93049,nein,23,16.2,Karthaus-Prüll,16 m²,D,7.9,Privat,Pellet,Einbauküche,31,ja,290,INS-2026-64542,160
218 €,False,3. OG,unmöbliert,2,7,95,25.05.2026,Studenten-WG,1931,9,2.0,93051,nein,12,15.8,Königswiesen,15.8 m2,F,3.9,Makler,Zentralheizung,keine,15,nein,138,INS-2026-20361,112
"341,00 EUR",True,2. OG,unmöbliert,25,5,53,03.02.2026,Männer-WG,1973,3,1.0,93049,nein,2,17.1,Westenviertel,17.1 m2,A,1.1,Makler,Zentralheizung,Einbauküche,5,ja,137,INS-2026-68082,97
460 €,False,1. OG,unmöbliert,10,6,18,04.06.2026,gemischt,2008,8,3.0,93047,ja,84,23.0,Innenstadt,23.0 m2,C,10.9,Makler,Gasetagenheizung,Pantry,43,nein,44,INS-2026-81071,110
408,False,2. OG,unmöbliert,11,4,47,26.02.2026,gemischt,1979,3,1.5,93051,ja,81,22.0,Kumpfmühl,22.0 m2,B,4.7,Genossenschaft,Nachtspeicher,keine,19,ja,267,INS-2026-68434,107
433 warm,False,3. OG,teilmöbliert,14,3,124,15.02.2026,gemischt,1902,4,3.0,93055,nein,14,19.8,Ostenviertel,19.8 m2,D,9.0,Privat,Zentralheizung,Pantry,36,nein,235,INS-2026-13826,136
360 warm,False,Souterrain,teilmöbliert,3,6,70,05.02.2026,gemischt,1956,8,2.0,93055,ja,54,20.3,Ostenviertel,"20,3 qm",H,8.7,Privat,Zentralheizung,Einbauküche,35,nein,275,INS-2026-21163,72
"440,00 EUR",True,1. OG,möbliert,2,6,95,14.01.2026,gemischt,1931,6,2.0,93053,nein,29,18.9,Kasernenviertel,19 m²,E,2.6,Privat,Nachtspeicher,Pantry,10,nein,151,INS-2026-23689,92
"246,00 EUR",False,3. OG,unmöbliert,7,7,35,21.06.2026,Studenten-WG,1991,6,1.0,93051,ja,66,18.8,Dechbetten,"18,8 qm",A,5.0,Privat,Nachtspeicher,Pantry,20,nein,249,INS-2026-90487,110
"165,00 EUR",False,3. OG,teilmöbliert,16,1,65,12.04.2026,gemischt,1961,3,3.0,93051,nein,17,14.5,Ziegetsdorf,14.5 m2,C,1.7,Privat,Öl,Pantry,6,nein,124,INS-2026-91467,127
312,True,4. OG,unmöbliert,16,7,110,13.03.2026,Berufstätigen-WG,1916,9,2.0,93051,ja,21,15.5,Kumpfmühl,"15,5 qm",G,4.9,Makler,Öl,Pantry,20,ja,182,INS-2026-29689,67
319,False,3. OG,teilmöbliert,2,3,54,08.04.2026,Frauen-WG,1972,7,2.0,93049,nein,59,21.1,Karthaus-Prüll,21.1 m2,D,4.6,Privat,Öl,Pantry,18,nein,84,INS-2026-48642,89
"391,00 EUR",True,1. OG,teilmöbliert,12,3,7,08.06.2026,Berufstätigen-WG,2019,6,2.0,93053,nein,53,16.3,Galgenberg,16.3 m2,F,10.9,Privat,Gasetagenheizung,Einbauküche,44,nein,101,INS-2026-40314,126
kalt 257€,True,EG,teilmöbliert,10,6,50,01.04.2026,gemischt,1976,5,2.0,93051,ja,90,13.2,Kumpfmühl,13.2 m2,B,3.4,Privat,Zentralheizung,Einbauküche,13,ja,149,INS-2026-48358,105
661 warm,True,3. OG,unmöbliert,23,7,17,16.05.2026,Männer-WG,2009,7,1.0,93053,ja,6,28.6,Galgenberg,29 m²,D,8.7,Genossenschaft,Zentralheizung,Einbauküche,35,nein,133,INS-2026-16451,62
390,True,EG,unmöbliert,23,7,122,14.03.2026,gemischt,1904,8,2.0,93055,ja,15,22.3,Burgweinting,22 m²,D,1.9,Privat,Zentralheizung,Einbauküche,8,nein,111,INS-2026-83501,56
379,True,EG,unmöbliert,20,6,17,29.05.2026,Frauen-WG,2009,1,2.0,93047,nein,18,15.1,Innenstadt,15 m²,E,11.2,Privat,Gasetagenheizung,Einbauküche,45,nein,99,INS-2026-17244,125
551 warm,False,EG,unmöbliert,11,2,38,22.02.2026,Studenten-WG,1988,2,3.0,93051,ja,61,28.1,Königswiesen,28.1 m2,F,2.3,Makler,Fernwärme,Einbauküche,9,ja,215,INS-2026-70971,139
"287,00 EUR",False,1. OG,teilmöbliert,15,4,125,22.04.2026,Männer-WG,1901,1,3.0,93053,nein,11,15.9,Galgenberg,16 m²,C,8.8,Makler,Öl,Einbauküche,35,ja,240,INS-2026-62304,163
"605,00 EUR",True,2. OG,unmöbliert,23,7,12,11.02.2026,Studenten-WG,2014,2,2.0,93047,ja,33,22.3,Innenstadt,22.3 m2,D,5.4,Privat,Gasetagenheizung,Einbauküche,22,nein,207,INS-2026-52237,133
550 €,False,2. OG,teilmöbliert,15,6,67,22.04.2026,gemischt,1959,7,2.0,93053,ja,32,28.5,Kasernenviertel,"28,5 qm",A+,6.9,Privat,Nachtspeicher,Einbauküche,28,nein,178,INS-2026-35818,56
"366,00 EUR",True,EG,möbliert,17,7,95,04.02.2026,Berufstätigen-WG,1931,3,2.0,93053,nein,12,16.6,Kasernenviertel,"16,6 qm",G,6.4,Privat,Öl,Einbauküche,25,nein,134,INS-2026-16030,156
386 €,True,3. OG,teilmöbliert,9,7,110,04.04.2026,Studenten-WG,1916,4,1.0,93047,ja,26,14.0,Innenstadt,14 m²,B,10.5,Privat,Zentralheizung,Einbauküche,42,nein,187,INS-2026-98668,101
258,True,1. OG,unmöbliert,24,3,14,20.03.2026,Frauen-WG,2012,9,3.0,93049,ja,64,14.0,Westenviertel,14 m²,B,5.1,Privat,Zentralheizung,Einbauküche,21,ja,104,INS-2026-51286,118
729 warm,False,EG,unmöbliert,10,1,15,19.05.2026,gemischt,2011,3,2.5,93047,nein,69,28.2,Innenstadt,"28,2 qm",B,10.4,Privat,Zentralheizung,Einbauküche,43,ja,24,INS-2026-13507,147
481 €,False,4. OG,teilmöbliert,16,2,54,17.03.2026,Studenten-WG,1972,8,2.0,93047,nein,87,26.1,Innenstadt,26 m²,F,6.4,Privat,Zentralheizung,Pantry,26,nein,225,INS-2026-58826,80
kalt 444€,False,4. OG,unmöbliert,21,2,22,26.05.2026,gemischt,2004,6,3.0,93059,nein,15,22.5,Stadtamhof,"22,5 qm",E,4.0,Makler,Zentralheizung,Pantry,14,ja,123,INS-2026-99329,113
286,True,2. OG,teilmöbliert,5,5,107,27.05.2026,gemischt,1919,5,2.0,93051,ja,7,19.6,Ziegetsdorf,20 m²,F,9.3,Privat,Öl,Pantry,37,nein,77,INS-2026-51239,139
341 €,True,EG,teilmöbliert,17,7,6,09.04.2026,Studenten-WG,2020,4,1.0,93051,nein,79,16.0,Königswiesen,16.0 m2,B,8.5,Privat,Zentralheizung,Einbauküche,34,nein,280,INS-2026-71846,62
300 €,False,Souterrain,möbliert,8,4,90,12.03.2026,gemischt,1936,1,3.0,93051,ja,49,22.1,Kumpfmühl,22 m²,C,8.5,Makler,Gasetagenheizung,Pantry,34,nein,233,INS-2026-98458,118
Kaltmiete: 364 €,True,2. OG,unmöbliert,23,3,113,24.05.2026,gemischt,1913,9,1.0,93051,ja,72,16.5,Kumpfmühl,16.5 m2,G,8.9,Makler,Pellet,Einbauküche,36,ja,155,INS-2026-49776,132
356,True,EG,möbliert,21,7,107,15.04.2026,Studenten-WG,1919,8,2.5,93049,nein,29,20.5,Großprüfening,"20,5 qm",A+,3.0,Privat,Zentralheizung,Einbauküche,12,nein,240,INS-2026-98025,71
"463,00 EUR",True,1. OG,teilmöbliert,25,2,4,15.05.2026,Studenten-WG,2022,6,2.0,93053,nein,57,20.6,Kasernenviertel,"20,6 qm",E,10.5,Makler,Gasetagenheizung,Pantry,41,ja,138,INS-2026-80037,84
336,False,2. OG,teilmöbliert,16,6,84,02.04.2026,Studenten-WG,1942,5,1.5,93055,nein,68,23.8,Burgweinting,23.8 m2,C,11.0,Privat,Gasetagenheizung,keine,43,ja,152,INS-2026-91401,93
279,True,Souterrain,unmöbliert,14,3,15,13.01.2026,Berufstätigen-WG,2011,6,2.0,93049,ja,34,19.1,Großprüfening,19.1 m2,B,9.0,Makler,Öl,Einbauküche,37,nein,111,INS-2026-88272,154
544 warm,False,Souterrain,unmöbliert,24,4,24,29.05.2026,gemischt,2002,8,2.0,93051,nein,14,21.4,Kumpfmühl,"21,4 qm",E,8.5,Genossenschaft,Fernwärme,Einbauküche,34,ja,8,INS-2026-25506,156
335 kalt,False,2. OG,unmöbliert,14,4,123,04.06.2026,Frauen-WG,1903,8,2.0,93049,ja,48,22.2,Westenviertel,"22,2 qm",H,7.7,Genossenschaft,Nachtspeicher,Einbauküche,30,nein,254,INS-2026-31692,129
238 €,False,3. OG,unmöbliert,14,2,4,14.06.2026,gemischt,2022,9,3.0,93049,nein,36,18.6,Westenviertel,"18,6 qm",D,9.1,Makler,Öl,keine,37,nein,114,INS-2026-40887,147
625 kalt,True,DG,teilmöbliert,15,2,9,31.01.2026,gemischt,2017,1,1.0,93049,nein,75,20.1,Westenviertel,20 m²,C,1.3,Privat,Fernwärme,Einbauküche,5,ja,85,INS-2026-90432,109
Kaltmiete: 362 €,True,1. OG,teilmöbliert,19,3,90,20.05.2026,gemischt,1936,6,2.0,93051,nein,5,21.1,Königswiesen,21 m²,C,9.5,Privat,Zentralheizung,Pantry,38,nein,245,INS-2026-30764,93
367,False,EG,teilmöbliert,22,7,59,15.04.2026,Studenten-WG,1967,7,2.0,93047,nein,15,16.5,Innenstadt,16 m²,E,2.5,Privat,Zentralheizung,Einbauküche,10,ja,160,INS-2026-94163,79
315 €,True,3. OG,unmöbliert,14,2,35,26.05.2026,Berufstätigen-WG,1991,6,1.5,93051,ja,56,21.0,Dechbetten,21 m²,D,8.0,Privat,Fernwärme,Einbauküche,31,ja,72,INS-2026-39726,151
332 kalt,False,4. OG,unmöbliert,13,5,55,10.06.2026,gemischt,1971,1,2.0,93053,nein,35,20.5,Kasernenviertel,"20,5 qm",E,10.6,Privat,Gasetagenheizung,Einbauküche,43,nein,11,INS-2026-19230,78
350 €,True,1. OG,unmöbliert,16,2,2,11.04.2026,Frauen-WG,2024,1,2.0,93059,nein,86,18.4,Reinhausen,"18,4 qm",C,9.9,Privat,Zentralheizung,Einbauküche,41,nein,67,INS-2026-31722,140
274,False,3. OG,unmöbliert,18,2,51,01.02.2026,Studenten-WG,1975,1,3.0,93051,ja,79,19.4,Kumpfmühl,19.4 m2,E,8.8,Genossenschaft,Fernwärme,Einbauküche,35,nein,103,INS-2026-91180,135
"288,00 EUR",False,1. OG,unmöbliert,12,2,72,04.01.2026,gemischt,1954,9,2.5,93051,ja,15,17.4,Kumpfmühl,17 m²,D,6.4,Makler,Gasetagenheizung,Pantry,25,ja,253,INS-2026-97861,125
465,True,1. OG,teilmöbliert,5,7,35,12.01.2026,Studenten-WG,1991,4,2.0,93047,ja,36,18.2,Innenstadt,"18,2 qm",E,10.5,Privat,Zentralheizung,Einbauküche,43,nein,97,INS-2026-39232,139
Kaltmiete: 247 €,True,2. OG,teilmöbliert,19,7,47,20.05.2026,Frauen-WG,1979,3,1.0,93051,nein,72,17.5,Ziegetsdorf,17.5 m2,C,6.4,Privat,Gasetagenheizung,Einbauküche,26,ja,36,INS-2026-93471,62
378,False,Souterrain,möbliert,3,3,73,01.06.2026,Studenten-WG,1953,5,3.0,93053,ja,76,20.3,Galgenberg,20.3 m2,B,5.8,Makler,Zentralheizung,Einbauküche,24,nein,255,INS-2026-43968,97
316 €,False,Souterrain,unmöbliert,19,3,30,29.06.2026,Studenten-WG,1996,3,2.5,93049,ja,62,18.8,Westenviertel,18.8 m2,F,1.9,Privat,Zentralheizung,Einbauküche,8,ja,80,INS-2026-15627,86
154,False,1. OG,unmöbliert,15,1,117,12.02.2026,gemischt,1909,10,3.0,93051,nein,7,10.6,Königswiesen,"10,6 qm",A,7.0,Privat,Öl,Pantry,28,nein,44,INS-2026-67744,125
432,True,2. OG,teilmöbliert,7,4,99,29.04.2026,gemischt,1927,9,1.5,93051,ja,19,19.4,Kumpfmühl,19 m²,D,11.1,Genossenschaft,Gasetagenheizung,Einbauküche,44,nein,152,INS-2026-94979,100
315,True,1. OG,unmöbliert,18,3,112,09.01.2026,Studenten-WG,1914,1,1.0,93049,ja,19,21.0,Großprüfening,"21,0 qm",B,9.4,Privat,Öl,keine,37,nein,232,INS-2026-95692,140
234 €,False,4. OG,teilmöbliert,18,6,95,14.01.2026,gemischt,1931,7,3.0,93051,nein,1,20.9,Königswiesen,20.9 m2,B,4.2,Makler,Nachtspeicher,keine,17,nein,233,INS-2026-91373,104
Kaltmiete: 327 €,True,3. OG,teilmöbliert,4,1,103,20.06.2026,gemischt,1923,10,2.0,93051,nein,17,15.4,Kumpfmühl,15.4 m2,D,1.3,Makler,Nachtspeicher,Einbauküche,5,ja,50,INS-2026-71323,72
281 €,False,DG,unmöbliert,4,1,82,26.05.2026,gemischt,1944,1,2.5,93049,nein,63,18.9,Karthaus-Prüll,18.9 m2,A,2.2,Privat,Zentralheizung,Pantry,8,nein,231,INS-2026-79037,91
415 €,False,DG,unmöbliert,18,1,9,15.02.2026,Frauen-WG,2017,4,3.0,93053,nein,68,24.8,Galgenberg,25 m²,D,10.4,Privat,Zentralheizung,Einbauküche,41,nein,39,INS-2026-86636,96
297 warm,False,3. OG,unmöbliert,18,4,19,01.05.2026,Studenten-WG,2007,3,3.0,93059,nein,59,13.8,Reinhausen,13.8 m2,H,2.3,Makler,Pellet,Einbauküche,10,nein,200,INS-2026-68149,117
406,False,DG,teilmöbliert,5,3,89,19.03.2026,Berufstätigen-WG,1937,6,2.0,93055,nein,61,26.2,Ostenviertel,26 m²,D,1.6,Privat,Zentralheizung,keine,7,nein,12,INS-2026-80470,105
293 €,True,3. OG,teilmöbliert,14,7,38,05.01.2026,gemischt,1988,2,1.0,93055,ja,68,17.1,Burgweinting,17 m²,D,4.6,Privat,Gasetagenheizung,Einbauküche,18,ja,143,INS-2026-39565,117
630,True,2. OG,möbliert,9,4,82,07.01.2026,Berufstätigen-WG,1944,8,1.0,93053,nein,90,27.8,Galgenberg,27.8 m2,D,7.1,Privat,Öl,Pantry,28,nein,167,INS-2026-44126,147
432 warm,False,EG,teilmöbliert,23,3,28,23.06.2026,Studenten-WG,1998,6,3.0,93059,nein,27,19.1,Reinhausen,"19,1 qm",F,2.3,Privat,Gasetagenheizung,Einbauküche,9,nein,66,INS-2026-40296,150
517 €,False,3. OG,unmöbliert,3,5,20,15.06.2026,Studenten-WG,2006,6,2.0,93047,nein,84,24.8,Innenstadt,25 m²,C,4.4,Privat,Zentralheizung,Pantry,19,nein,22,INS-2026-42486,71
Kaltmiete: 272 €,False,3. OG,teilmöbliert,16,2,31,26.02.2026,Studenten-WG,1995,3,2.0,93047,nein,30,12.8,Innenstadt,12.8 m2,D,4.2,Privat,Nachtspeicher,Einbauküche,16,nein,242,INS-2026-23236,110
"469,00 EUR",False,4. OG,teilmöbliert,11,3,69,24.04.2026,Studenten-WG,1957,10,2.0,93059,nein,19,25.7,Stadtamhof,25.7 m2,B,6.2,Privat,Fernwärme,Einbauküche,26,nein,65,INS-2026-31784,121
517 kalt,True,3. OG,teilmöbliert,4,1,46,27.03.2026,Studenten-WG,1980,5,2.0,93047,ja,8,20.5,Innenstadt,"20,5 qm",C,3.4,Privat,Öl,Pantry,13,ja,33,INS-2026-16727,70
352,False,2. OG,unmöbliert,11,6,72,05.04.2026,gemischt,1954,8,2.0,93053,nein,71,18.6,Galgenberg,18.6 m2,C,9.7,Privat,Gasetagenheizung,Einbauküche,40,nein,224,INS-2026-40231,66
247 €,False,Souterrain,unmöbliert,17,1,58,22.04.2026,gemischt,1968,5,2.0,93055,ja,84,21.2,Burgweinting,"21,2 qm",D,8.4,Privat,Zentralheizung,Einbauküche,34,ja,204,INS-2026-19130,65
269,False,Souterrain,unmöbliert,8,4,45,28.02.2026,Frauen-WG,1981,1,2.0,93049,ja,47,22.1,Karthaus-Prüll,"22,1 qm",A,9.2,Makler,Zentralheizung,keine,37,nein,148,INS-2026-80083,101
260 kalt,False,EG,unmöbliert,12,6,41,22.06.2026,gemischt,1985,7,2.5,93051,nein,45,18.2,Königswiesen,"18,2 qm",B,5.4,Privat,Öl,Einbauküche,23,nein,168,INS-2026-78157,156
365 warm,False,3. OG,unmöbliert,3,1,41,18.03.2026,Studenten-WG,1985,6,2.0,93055,nein,88,15.8,Ostenviertel,15.8 m2,D,9.1,Privat,Pellet,Einbauküche,36,nein,277,INS-2026-35221,152
335 €,False,EG,teilmöbliert,21,6,48,27.01.2026,Männer-WG,1978,10,2.0,93053,ja,30,16.9,Galgenberg,"16,9 qm",F,3.7,Makler,Gasetagenheizung,Einbauküche,15,ja,258,INS-2026-61513,139
179,False,2. OG,unmöbliert,8,3,58,08.03.2026,gemischt,1968,8,1.0,93053,nein,63,10.5,Kasernenviertel,10 m²,F,5.6,Privat,Gasetagenheizung,Pantry,22,ja,28,INS-2026-39560,167
476 kalt,False,4. OG,teilmöbliert,20,3,53,15.01.2026,gemischt,1973,10,2.0,93059,ja,37,26.2,Stadtamhof,"26,2 qm",A,7.5,Genossenschaft,Gasetagenheizung,Einbauküche,30,nein,39,INS-2026-21424,105
326,False,4. OG,möbliert,18,4,28,12.03.2026,gemischt,1998,8,2.0,93053,nein,44,16.9,Kasernenviertel,16.9 m2,B,5.2,Makler,Öl,Einbauküche,21,nein,273,INS-2026-40232,83
299,False,1. OG,unmöbliert,6,7,54,27.05.2026,Studenten-WG,1972,10,1.0,93049,ja,42,23.2,Großprüfening,23 m²,A+,10.5,Privat,Nachtspeicher,Einbauküche,41,ja,267,INS-2026-90776,97
414,True,2. OG,teilmöbliert,9,2,91,27.03.2026,Studenten-WG,1935,3,2.0,93051,nein,6,21.6,Kumpfmühl,"21,6 qm",E,2.3,Privat,Gasetagenheizung,Pantry,9,ja,40,INS-2026-64986,90
"402,00 EUR",True,2. OG,unmöbliert,7,1,109,04.05.2026,gemischt,1917,3,1.0,93049,nein,54,22.5,Großprüfening,22 m²,B,2.7,Privat,Zentralheizung,Einbauküche,10,ja,36,INS-2026-81491,93
240,True,2. OG,unmöbliert,25,5,89,29.04.2026,Männer-WG,1937,1,2.0,93051,ja,62,13.7,Königswiesen,14 m²,D,1.6,Privat,Zentralheizung,Einbauküche,6,nein,73,INS-2026-69517,140
209 €,True,EG,teilmöbliert,14,3,120,14.05.2026,gemischt,1906,7,1.0,93055,ja,7,12.1,Burgweinting,12.1 m2,F,10.3,Makler,Gasetagenheizung,Einbauküche,40,nein,240,INS-2026-65973,160
294 warm,False,3. OG,teilmöbliert,19,4,79,03.02.2026,Männer-WG,1947,3,3.0,93051,ja,27,15.4,Dechbetten,15 m²,D,4.1,Makler,Gasetagenheizung,Einbauküche,16,nein,80,INS-2026-79339,120
428 €,True,EG,teilmöbliert,5,4,20,23.02.2026,Studenten-WG,2006,4,2.0,93053,nein,5,19.5,Galgenberg,19.5 m2,F,2.2,Makler,Öl,Einbauküche,9,nein,250,INS-2026-97970,185
"502,00 EUR",True,4. OG,möbliert,14,1,92,12.05.2026,gemischt,1934,5,2.5,93053,ja,36,23.4,Galgenberg,23.4 m2,E,9.0,Privat,Zentralheizung,Pantry,35,ja,201,INS-2026-99513,162
511 warm,True,EG,möbliert,3,2,94,07.04.2026,Frauen-WG,1932,6,1.0,93049,nein,6,18.1,Westenviertel,"18,1 qm",B,4.3,Makler,Zentralheizung,Einbauküche,18,nein,14,INS-2026-78579,58
287,False,1. OG,teilmöbliert,16,7,59,02.03.2026,gemischt,1967,3,3.0,93055,nein,84,24.7,Burgweinting,"24,7 qm",A,7.0,Privat,Nachtspeicher,Einbauküche,28,nein,269,INS-2026-76883,39
315 kalt,True,DG,möbliert,18,3,63,12.03.2026,gemischt,1963,4,1.5,93055,ja,7,15.8,Ostenviertel,16 m²,F,6.1,Genossenschaft,Zentralheizung,Einbauküche,25,ja,137,INS-2026-26224,75
519 warm,False,DG,unmöbliert,16,1,2,17.02.2026,Männer-WG,2024,6,1.5,93053,ja,90,19.1,Kasernenviertel,"19,1 qm",H,11.1,Privat,Öl,Pantry,43,nein,1,INS-2026-22764,162
497 kalt,True,EG,möbliert,15,1,64,04.02.2026,Frauen-WG,1962,2,1.0,93053,ja,46,19.8,Galgenberg,20 m²,G,5.2,Privat,Fernwärme,Einbauküche,22,ja,31,INS-2026-25228,160
264,True,EG,teilmöbliert,20,4,44,21.05.2026,gemischt,1982,9,2.0,93051,ja,42,15.7,Königswiesen,15.7 m2,F,3.3,Makler,Fernwärme,keine,13,nein,147,INS-2026-66580,116
524 warm,False,3. OG,teilmöbliert,4,7,87,18.03.2026,Studenten-WG,1939,6,2.0,93051,ja,39,21.3,Kumpfmühl,21 m²,F,5.6,Makler,Zentralheizung,Pantry,22,ja,226,INS-2026-66207,136
350 €,False,EG,unmöbliert,7,4,4,01.04.2026,Studenten-WG,2022,10,3.0,93055,ja,14,21.9,Ostenviertel,"21,9 qm",F,5.8,Makler,Gasetagenheizung,Einbauküche,22,ja,133,INS-2026-78903,84
359,True,EG,möbliert,3,2,10,23.05.2026,Studenten-WG,2016,9,1.5,93051,nein,19,15.1,Königswiesen,15.1 m2,A,7.7,Privat,Fernwärme,Einbauküche,30,nein,236,INS-2026-62208,90
653 warm,False,EG,möbliert,8,3,104,12.04.2026,gemischt,1922,9,2.0,93059,nein,12,22.6,Stadtamhof,23 m²,C,8.4,Privat,Öl,Einbauküche,34,ja,227,INS-2026-89901,163
kalt 428€,False,Souterrain,unmöbliert,22,5,6,05.03.2026,Männer-WG,2020,4,1.5,93049,ja,20,30.6,Großprüfening,31 m²,A,8.2,Privat,Zentralheizung,keine,33,ja,277,INS-2026-12957,127
317 warm,True,EG,teilmöbliert,23,4,106,11.01.2026,gemischt,1920,9,2.0,93051,nein,51,15.9,Dechbetten,16 m²,A,3.9,Makler,Zentralheizung,Pantry,15,ja,177,INS-2026-54811,77
"357,00 EUR",True,1. OG,möbliert,18,4,58,10.01.2026,Berufstätigen-WG,1968,6,2.0,93047,ja,31,13.3,Innenstadt,13.3 m2,B,3.3,Privat,Zentralheizung,Einbauküche,13,ja,47,INS-2026-11352,86
259 €,False,1. OG,teilmöbliert,12,4,73,14.06.2026,gemischt,1953,4,2.0,93055,nein,29,20.3,Burgweinting,"20,3 qm",B,8.4,Privat,Zentralheizung,Pantry,34,ja,75,INS-2026-91714,123
346 €,False,2. OG,unmöbliert,7,4,25,13.03.2026,gemischt,2001,3,3.0,93049,nein,84,23.3,Karthaus-Prüll,"23,3 qm",F,4.8,Privat,Gasetagenheizung,Einbauküche,19,nein,273,INS-2026-46210,75
549 €,False,3. OG,möbliert,16,1,93,15.01.2026,Studenten-WG,1933,2,2.0,93047,nein,34,23.3,Innenstadt,23 m²,D,8.7,Makler,Gasetagenheizung,Einbauküche,35,nein,117,INS-2026-62324,64
253,False,EG,möbliert,5,1,92,09.02.2026,Studenten-WG,1934,3,2.5,93051,nein,10,18.9,Ziegetsdorf,18.9 m2,C,7.8,Privat,Zentralheizung,keine,31,nein,92,INS-2026-11276,89
Kaltmiete: 458 €,True,2. OG,möbliert,17,2,91,26.02.2026,Studenten-WG,1935,8,1.0,93047,nein,83,16.2,Innenstadt,16.2 m2,E,5.3,Privat,Zentralheizung,Einbauküche,22,nein,68,INS-2026-21418,152
331,True,EG,teilmöbliert,3,5,14,11.02.2026,gemischt,2012,5,2.0,93053,nein,5,15.5,Galgenberg,15.5 m2,A,5.8,Privat,Zentralheizung,keine,24,ja,121,INS-2026-15740,104
332 €,True,3. OG,möbliert,5,6,111,09.05.2026,Studenten-WG,1915,4,1.0,93055,ja,84,15.2,Burgweinting,"15,2 qm",A,10.4,Privat,Gasetagenheizung,Einbauküche,40,ja,273,INS-2026-82443,57
256,False,2. OG,unmöbliert,21,2,48,29.01.2026,Männer-WG,1978,5,2.0,93051,ja,35,21.9,Dechbetten,"21,9 qm",E,9.7,Privat,Zentralheizung,Pantry,40,nein,60,INS-2026-55920,81
247 €,True,1. OG,teilmöbliert,3,1,30,23.05.2026,gemischt,1996,4,1.0,93051,ja,72,16.6,Dechbetten,"16,6 qm",F,5.3,Privat,Zentralheizung,keine,22,ja,47,INS-2026-92145,99
Kaltmiete: 381 €,False,3. OG,unmöbliert,13,2,40,13.05.2026,gemischt,1986,1,2.0,93053,nein,38,22.7,Galgenberg,23 m²,F,7.8,Privat,Gasetagenheizung,Einbauküche,31,nein,104,INS-2026-59907,133
"369,00 EUR",True,3. OG,unmöbliert,20,1,112,25.04.2026,Berufstätigen-WG,1914,5,2.0,93051,ja,59,22.5,Königswiesen,22 m²,D,4.3,Genossenschaft,Nachtspeicher,Einbauküche,18,nein,139,INS-2026-69938,125
322,True,1. OG,teilmöbliert,4,5,88,11.06.2026,Frauen-WG,1938,9,1.0,93055,ja,63,19.1,Burgweinting,19 m²,A,2.7,Genossenschaft,Öl,Einbauküche,11,ja,272,INS-2026-49252,65
361 warm,False,Souterrain,möbliert,4,5,69,05.03.2026,Studenten-WG,1957,1,2.0,93059,nein,32,17.4,Reinhausen,17.4 m2,G,8.8,Makler,Öl,Pantry,36,nein,292,INS-2026-50281,152
364,False,EG,teilmöbliert,14,2,67,23.05.2026,gemischt,1959,9,1.0,93053,nein,8,18.3,Galgenberg,"18,3 qm",B,8.5,Makler,Pellet,Pantry,34,nein,46,INS-2026-18022,51
"403,00 EUR",True,EG,teilmöbliert,10,1,12,20.01.2026,Studenten-WG,2014,4,1.0,93055,nein,75,22.6,Burgweinting,"22,6 qm",A,10.7,Privat,Gasetagenheizung,Pantry,43,nein,116,INS-2026-12445,101
282 €,False,DG,möbliert,4,7,23,19.03.2026,gemischt,2003,3,3.0,93053,nein,4,16.6,Kasernenviertel,17 m²,D,10.8,Privat,Fernwärme,Einbauküche,43,nein,132,INS-2026-35178,83
Kaltmiete: 317 €,False,1. OG,unmöbliert,22,1,105,27.05.2026,Studenten-WG,1921,3,3.0,93049,nein,70,19.8,Westenviertel,19.8 m2,D,6.4,Makler,Gasetagenheizung,Einbauküche,26,nein,150,INS-2026-31425,108
323 warm,False,Souterrain,unmöbliert,2,1,69,10.02.2026,Frauen-WG,1957,1,1.0,93049,nein,45,14.7,Großprüfening,15 m²,B,6.5,Privat,Gasetagenheizung,Einbauküche,26,nein,144,INS-2026-42020,132
443,False,3. OG,unmöbliert,4,2,125,25.06.2026,Männer-WG,1901,5,2.0,93053,ja,56,23.1,Kasernenviertel,23 m²,F,6.3,Privat,Öl,Einbauküche,26,nein,289,INS-2026-27056,140
"284,00 EUR",True,EG,teilmöbliert,16,6,2,29.03.2026,Studenten-WG,2024,6,2.0,93055,nein,53,17.3,Burgweinting,17.3 m2,A+,10.3,Privat,Zentralheizung,Einbauküche,42,nein,22,INS-2026-90725,57
451 warm,False,1. OG,unmöbliert,16,2,49,04.02.2026,gemischt,1977,3,2.0,93053,ja,67,20.9,Kasernenviertel,20.9 m2,A,11.3,Makler,Zentralheizung,Pantry,45,ja,270,INS-2026-23389,57
"416,00 EUR",False,EG,unmöbliert,13,7,8,08.06.2026,Berufstätigen-WG,2018,3,3.0,93059,ja,82,29.2,Reinhausen,29 m²,D,4.3,Makler,Gasetagenheizung,Pantry,17,ja,7,INS-2026-44922,100
291,False,Souterrain,möbliert,6,1,53,08.02.2026,Studenten-WG,1973,9,2.5,93053,ja,59,17.3,Galgenberg,17 m²,D,11.0,Genossenschaft,Öl,Einbauküche,44,nein,71,INS-2026-96815,116
154,True,DG,unmöbliert,7,1,120,19.01.2026,gemischt,1906,10,3.0,93051,ja,29,11.4,Dechbetten,11.4 m2,E,7.0,Makler,Zentralheizung,Einbauküche,28,ja,9,INS-2026-90824,149
"330,00 EUR",False,3. OG,unmöbliert,21,7,78,08.03.2026,gemischt,1948,6,1.0,93055,nein,70,24.8,Burgweinting,24.8 m2,D,6.9,Privat,Zentralheizung,Einbauküche,28,nein,176,INS-2026-43507,73
585 warm,True,2. OG,unmöbliert,21,4,118,30.03.2026,Frauen-WG,1908,5,2.0,93051,nein,29,28.1,Königswiesen,28.1 m2,C,4.5,Privat,Zentralheizung,Einbauküche,17,ja,128,INS-2026-20192,110
"352,00 EUR",True,EG,teilmöbliert,12,7,6,03.01.2026,Studenten-WG,2020,2,3.0,93055,nein,6,19.5,Ostenviertel,"19,5 qm",E,6.1,Privat,Gasetagenheizung,Einbauküche,24,nein,256,INS-2026-39414,116
466 €,True,3. OG,teilmöbliert,15,1,125,03.03.2026,Studenten-WG,1901,1,2.0,93059,ja,13,28.6,Reinhausen,"28,6 qm",H,4.8,Privat,Gasetagenheizung,keine,20,ja,18,INS-2026-99620,118
"355,00 EUR",False,2. OG,unmöbliert,6,1,93,16.03.2026,Frauen-WG,1933,8,2.0,93049,nein,33,21.5,Westenviertel,22 m²,E,6.5,Makler,Fernwärme,keine,27,ja,213,INS-2026-25888,105
444 warm,True,1. OG,teilmöbliert,10,1,25,23.02.2026,gemischt,2001,10,1.0,93059,nein,67,21.5,Reinhausen,22 m²,C,9.1,Makler,Öl,keine,36,nein,25,INS-2026-22953,69
kalt 457€,True,1. OG,unmöbliert,20,6,103,28.02.2026,Studenten-WG,1923,7,1.0,93053,nein,47,20.0,Kasernenviertel,20 m²,C,8.9,Privat,Öl,Pantry,36,nein,63,INS-2026-63568,119
390,True,EG,unmöbliert,19,5,125,28.04.2026,Studenten-WG,1901,3,1.0,93049,ja,78,21.9,Karthaus-Prüll,"21,9 qm",A,5.4,Privat,Öl,Einbauküche,23,ja,140,INS-2026-33150,75
292 €,False,EG,unmöbliert,24,5,56,27.04.2026,gemischt,1970,4,1.0,93051,nein,40,21.8,Dechbetten,22 m²,A+,6.2,Privat,Nachtspeicher,Pantry,25,nein,200,INS-2026-13629,75
478,True,EG,unmöbliert,7,3,6,09.04.2026,Berufstätigen-WG,2020,3,2.5,93047,ja,50,20.0,Innenstadt,"20,0 qm",C,7.4,Privat,Fernwärme,keine,30,ja,119,INS-2026-18921,103
699 warm,True,1. OG,unmöbliert,19,3,99,27.06.2026,Berufstätigen-WG,1927,10,2.0,93047,ja,55,20.2,Innenstadt,20.2 m2,A,2.1,Makler,Zentralheizung,Pantry,9,nein,118,INS-2026-89604,99
276,False,DG,unmöbliert,11,4,76,01.06.2026,gemischt,1950,2,1.0,93053,nein,43,18.8,Galgenberg,18.8 m2,F,8.4,Privat,Zentralheizung,keine,34,nein,53,INS-2026-98247,159
416 warm,False,DG,unmöbliert,20,2,85,03.05.2026,Frauen-WG,1941,2,3.0,93049,nein,44,19.3,Karthaus-Prüll,19.3 m2,F,8.5,Genossenschaft,Gasetagenheizung,Pantry,34,ja,250,INS-2026-11444,160
287 warm,False,EG,teilmöbliert,5,6,30,26.03.2026,Studenten-WG,1996,2,3.0,93055,nein,29,13.1,Burgweinting,"13,1 qm",D,9.9,Makler,Zentralheizung,Einbauküche,40,ja,284,INS-2026-27251,125
396 warm,False,1. OG,unmöbliert,4,5,67,06.06.2026,Studenten-WG,1959,2,3.0,93053,ja,80,18.2,Kasernenviertel,"18,2 qm",G,8.6,Privat,Fernwärme,Pantry,34,nein,58,INS-2026-50726,96
"176,00 EUR",False,1. OG,unmöbliert,3,1,65,20.04.2026,Frauen-WG,1961,10,3.0,93055,nein,39,15.1,Ostenviertel,15.1 m2,B,10.6,Privat,Zentralheizung,keine,42,ja,287,INS-2026-29131,136
"252,00 EUR",True,2. OG,unmöbliert,19,2,27,19.01.2026,Studenten-WG,1999,2,1.0,93055,ja,4,15.1,Ostenviertel,15 m²,C,8.8,Makler,Pellet,Einbauküche,35,nein,300,INS-2026-72646,66
382 €,True,EG,möbliert,21,2,119,21.01.2026,gemischt,1907,6,2.0,93053,ja,37,14.6,Galgenberg,"14,6 qm",E,3.1,Makler,Fernwärme,Pantry,12,nein,252,INS-2026-81593,105
224 €,False,2. OG,unmöbliert,25,1,122,15.04.2026,Frauen-WG,1904,9,2.0,93051,nein,12,17.9,Ziegetsdorf,18 m²,D,5.6,Makler,Öl,Pantry,22,ja,229,INS-2026-47355,165
"254,00 EUR",False,1. OG,unmöbliert,18,6,122,01.03.2026,Studenten-WG,1904,10,2.0,93051,nein,62,14.1,Kumpfmühl,14.1 m2,C,9.0,Privat,Nachtspeicher,Pantry,36,nein,67,INS-2026-74192,46
406,True,3. OG,teilmöbliert,12,5,82,26.01.2026,Berufstätigen-WG,1944,9,2.0,93049,ja,75,25.0,Großprüfening,"25,0 qm",G,1.9,Privat,Gasetagenheizung,Einbauküche,8,ja,161,INS-2026-29384,120
293,False,Souterrain,möbliert,15,1,93,04.06.2026,Studenten-WG,1933,9,1.0,93049,ja,16,18.8,Westenviertel,18.8 m2,D,11.2,Makler,Nachtspeicher,keine,45,nein,223,INS-2026-31697,67
615 €,True,4. OG,möbliert,22,7,116,25.02.2026,gemischt,1910,6,2.0,93053,ja,16,25.6,Kasernenviertel,26 m²,A,10.8,Makler,Zentralheizung,keine,43,ja,17,INS-2026-91269,134
319 kalt,False,2. OG,unmöbliert,25,1,35,23.03.2026,gemischt,1991,6,3.0,93051,nein,27,21.5,Königswiesen,22 m²,E,2.0,Makler,Öl,Einbauküche,8,ja,25,INS-2026-44822,146
"456,00 EUR",False,4. OG,unmöbliert,12,2,97,05.06.2026,Studenten-WG,1929,9,2.5,93053,nein,44,26.5,Kasernenviertel,26.5 m2,D,8.5,Makler,Gasetagenheizung,Pantry,34,nein,179,INS-2026-91693,148
598 warm,True,DG,unmöbliert,13,4,70,01.03.2026,Männer-WG,1956,7,1.0,93053,nein,39,20.7,Kasernenviertel,20.7 m2,A+,10.1,Privat,Pellet,Einbauküche,40,ja,253,INS-2026-31120,115
393 €,True,2. OG,teilmöbliert,2,2,98,28.06.2026,gemischt,1928,5,1.5,93051,nein,33,22.4,Ziegetsdorf,22.4 m2,E,8.1,Privat,Zentralheizung,Einbauküche,33,ja,214,INS-2026-54250,58
"324,00 EUR",True,1. OG,möbliert,10,2,95,01.02.2026,gemischt,1931,9,1.0,93059,nein,49,10.8,Stadtamhof,"10,8 qm",B,4.6,Genossenschaft,Zentralheizung,Einbauküche,18,nein,280,INS-2026-50273,59
348,True,DG,möbliert,16,2,13,21.01.2026,Frauen-WG,2013,9,1.5,93049,ja,24,15.0,Großprüfening,15.0 m2,C,2.2,Privat,Zentralheizung,Einbauküche,9,ja,46,INS-2026-69725,60
375,True,4. OG,teilmöbliert,10,3,5,04.03.2026,gemischt,2021,4,3.0,93051,ja,21,23.6,Ziegetsdorf,"23,6 qm",A+,9.4,Genossenschaft,Zentralheizung,Einbauküche,37,ja,54,INS-2026-89149,70
465 warm,False,EG,unmöbliert,11,6,58,22.06.2026,Frauen-WG,1968,5,2.0,93053,nein,68,21.7,Kasernenviertel,21.7 m2,G,6.2,Makler,Gasetagenheizung,Einbauküche,25,nein,251,INS-2026-71273,80
414 €,False,1. OG,teilmöbliert,18,6,20,06.06.2026,Studenten-WG,2006,2,2.0,93055,nein,47,29.4,Burgweinting,29.4 m2,D,8.0,Privat,Gasetagenheizung,Pantry,32,ja,265,INS-2026-20980,126
Kaltmiete: 363 €,False,DG,unmöbliert,14,1,23,06.01.2026,Frauen-WG,2003,6,1.5,93049,nein,42,21.2,Westenviertel,21.2 m2,C,3.2,Genossenschaft,Öl,Einbauküche,14,nein,96,INS-2026-43799,138
"382,00 EUR",True,EG,unmöbliert,7,7,12,02.05.2026,gemischt,2014,8,1.0,93047,nein,30,15.3,Innenstadt,"15,3 qm",F,7.1,Privat,Zentralheizung,Pantry,29,ja,138,INS-2026-88839,126
kalt 478€,True,2. OG,teilmöbliert,13,7,3,15.01.2026,gemischt,2023,2,1.0,93053,ja,33,18.6,Galgenberg,19 m²,B,5.4,Privat,Öl,Pantry,21,nein,195,INS-2026-23461,69
317 warm,False,4. OG,unmöbliert,24,3,2,28.03.2026,gemischt,2024,7,2.0,93051,ja,49,16.3,Ziegetsdorf,"16,3 qm",C,10.8,Makler,Gasetagenheizung,Pantry,42,nein,112,INS-2026-41515,115
501 warm,True,3. OG,möbliert,2,7,7,09.01.2026,gemischt,2019,4,2.5,93053,nein,55,21.8,Kasernenviertel,22 m²,D,6.2,Privat,Fernwärme,keine,24,nein,197,INS-2026-86411,57
kalt 288€,True,3. OG,teilmöbliert,4,4,108,30.04.2026,Studenten-WG,1918,1,3.0,93051,ja,36,17.6,Dechbetten,17.6 m2,A,2.7,Makler,Fernwärme,Einbauküche,11,ja,277,INS-2026-91328,103
Kaltmiete: 350 €,True,1. OG,unmöbliert,15,2,94,18.01.2026,gemischt,1932,10,2.0,93051,ja,26,20.9,Königswiesen,"20,9 qm",D,7.9,Makler,Zentralheizung,Einbauküche,31,nein,33,INS-2026-13331,150
220,False,DG,unmöbliert,16,5,104,04.01.2026,Studenten-WG,1922,10,2.0,93049,nein,62,19.0,Großprüfening,19.0 m2,F,9.7,Privat,Gasetagenheizung,Einbauküche,39,nein,137,INS-2026-49951,138
180 €,False,Souterrain,teilmöbliert,12,1,93,01.02.2026,Studenten-WG,1933,10,3.0,93051,ja,23,16.7,Ziegetsdorf,16.7 m2,B,9.6,Privat,Zentralheizung,Pantry,38,ja,258,INS-2026-11935,141
kalt 378€,True,2. OG,möbliert,3,4,13,11.02.2026,gemischt,2013,9,3.0,93049,nein,29,20.7,Westenviertel,20.7 m2,H,7.9,Privat,Öl,Einbauküche,32,ja,184,INS-2026-60518,122
Kaltmiete: 450 €,False,2. OG,unmöbliert,5,4,64,03.04.2026,gemischt,1962,1,2.0,93047,ja,45,23.1,Innenstadt,"23,1 qm",E,10.9,Privat,Gasetagenheizung,Einbauküche,43,nein,238,INS-2026-95080,114
"266,00 EUR",False,Souterrain,möbliert,17,1,48,15.04.2026,Berufstätigen-WG,1978,10,1.0,93051,nein,15,16.6,Königswiesen,"16,6 qm",E,9.2,Privat,Zentralheizung,keine,37,ja,212,INS-2026-84164,66
"404,00 EUR",True,DG,teilmöbliert,5,1,99,21.01.2026,gemischt,1927,4,1.0,93051,ja,72,22.0,Königswiesen,"22,0 qm",C,4.1,Makler,Öl,Pantry,16,nein,56,INS-2026-81855,56
198 €,False,4. OG,unmöbliert,19,3,100,10.03.2026,Berufstätigen-WG,1926,5,3.0,93055,ja,45,16.5,Burgweinting,"16,5 qm",B,4.2,Privat,Gasetagenheizung,keine,17,nein,181,INS-2026-31402,115
460 warm,False,4. OG,unmöbliert,9,4,61,29.06.2026,Studenten-WG,1965,8,1.0,93051,nein,17,34.7,Dechbetten,"34,7 qm",B,8.7,Genossenschaft,Zentralheizung,Einbauküche,35,nein,129,INS-2026-54103,92
"243,00 EUR",True,EG,möbliert,16,1,35,14.01.2026,gemischt,1991,2,2.5,93049,nein,80,14.6,Karthaus-Prüll,14.6 m2,G,10.5,Privat,Zentralheizung,Pantry,43,ja,113,INS-2026-51206,116
500 warm,True,3. OG,teilmöbliert,9,3,110,09.04.2026,Frauen-WG,1916,4,1.0,93055,ja,53,16.7,Ostenviertel,16.7 m2,D,2.6,Privat,Öl,keine,11,ja,159,INS-2026-63230,150
355 warm,True,2. OG,unmöbliert,20,3,34,29.05.2026,gemischt,1992,3,2.0,93055,ja,89,16.1,Burgweinting,"16,1 qm",A+,7.9,Privat,Zentralheizung,Pantry,32,ja,73,INS-2026-45374,117
190 €,False,DG,unmöbliert,4,5,33,25.04.2026,Studenten-WG,1993,4,2.5,93055,ja,19,17.7,Ostenviertel,"17,7 qm",E,7.4,Privat,Öl,Einbauküche,30,nein,250,INS-2026-70660,168
kalt 166€,False,2. OG,möbliert,21,3,60,02.06.2026,Studenten-WG,1966,1,2.0,93055,nein,86,13.1,Burgweinting,13.1 m2,F,8.0,Genossenschaft,Gasetagenheizung,Einbauküche,32,ja,254,INS-2026-19945,123
"637,00 EUR",False,EG,teilmöbliert,9,3,82,19.06.2026,gemischt,1944,7,2.0,93047,nein,34,26.8,Innenstadt,27 m²,D,4.5,Privat,Gasetagenheizung,Pantry,18,nein,180,INS-2026-81779,77
Kaltmiete: 255 €,False,DG,teilmöbliert,25,5,69,06.05.2026,gemischt,1957,8,2.0,93051,ja,73,15.6,Kumpfmühl,"15,6 qm",B,1.4,Privat,Nachtspeicher,keine,6,nein,139,INS-2026-36830,52
"497,00 EUR",False,EG,unmöbliert,13,1,96,10.05.2026,Studenten-WG,1930,4,2.0,93047,ja,26,21.1,Innenstadt,21.1 m2,C,1.1,Makler,Gasetagenheizung,Pantry,5,ja,235,INS-2026-60098,134
507,True,EG,teilmöbliert,20,7,61,25.03.2026,gemischt,1965,8,1.5,93059,ja,84,28.8,Reinhausen,29 m²,D,5.3,Makler,Zentralheizung,Pantry,21,nein,62,INS-2026-84229,122
248 €,True,3. OG,unmöbliert,7,7,5,10.03.2026,Studenten-WG,2021,7,1.0,93051,nein,4,15.9,Ziegetsdorf,"15,9 qm",C,10.3,Genossenschaft,Öl,Pantry,41,ja,170,INS-2026-86423,77
"528,00 EUR",True,1. OG,teilmöbliert,10,6,111,09.04.2026,gemischt,1915,10,2.0,93047,nein,44,19.0,Innenstadt,"19,0 qm",B,1.5,Privat,Nachtspeicher,Einbauküche,6,nein,180,INS-2026-46104,82
40 €,False,4. OG,unmöbliert,19,4,119,23.02.2026,Studenten-WG,1907,10,2.0,93059,ja,31,18.9,Stadtamhof,19 m²,F,2.5,Makler,Fernwärme,Pantry,10,nein,11,INS-2026-68217,82
514,False,1. OG,unmöbliert,17,7,18,16.05.2026,gemischt,2008,7,2.0,93053,ja,57,25.1,Galgenberg,25.1 m2,F,9.5,Genossenschaft,Gasetagenheizung,Einbauküche,38,ja,212,INS-2026-80614,93
399 €,True,3. OG,teilmöbliert,15,1,38,25.05.2026,Studenten-WG,1988,9,2.0,93053,ja,4,18.6,Galgenberg,18.6 m2,D,9.5,Makler,Zentralheizung,Einbauküche,38,ja,80,INS-2026-22441,62
362 €,True,DG,teilmöbliert,8,3,54,10.01.2026,gemischt,1972,1,1.5,93053,ja,20,15.4,Galgenberg,"15,4 qm",F,6.0,Makler,Zentralheizung,Einbauküche,25,ja,190,INS-2026-39590,181
kalt 329€,True,2. OG,unmöbliert,9,5,88,12.06.2026,Männer-WG,1938,9,1.0,93055,nein,55,18.8,Ostenviertel,18.8 m2,F,5.2,Privat,Fernwärme,Einbauküche,21,nein,277,INS-2026-84393,69
366 €,True,1. OG,unmöbliert,2,2,125,17.03.2026,Studenten-WG,1901,8,1.0,93049,nein,32,14.8,Westenviertel,14.8 m2,D,2.9,Makler,Pellet,Einbauküche,11,nein,113,INS-2026-63337,154
"915,00 EUR",True,3. OG,möbliert,11,7,109,27.02.2026,Berufstätigen-WG,1917,7,2.0,93051,ja,47,34.7,Kumpfmühl,34.7 m2,E,3.4,Makler,Pellet,keine,13,ja,280,INS-2026-16848,64
419 warm,False,1. OG,unmöbliert,22,1,18,08.06.2026,Berufstätigen-WG,2008,3,3.0,93047,nein,20,16.0,Innenstadt,16.0 m2,F,2.0,Privat,Nachtspeicher,Einbauküche,8,ja,171,INS-2026-99194,79
422 warm,False,Souterrain,unmöbliert,18,5,30,24.02.2026,gemischt,1996,1,2.0,93051,nein,56,22.7,Kumpfmühl,23 m²,A,10.1,Privat,Gasetagenheizung,Pantry,40,nein,15,INS-2026-21213,91
Kaltmiete: 406 €,True,2. OG,teilmöbliert,4,2,118,08.05.2026,Männer-WG,1908,9,1.5,93049,ja,65,17.5,Westenviertel,18 m²,E,5.4,Makler,Fernwärme,Einbauküche,22,nein,286,INS-2026-89549,152
514,True,4. OG,teilmöbliert,8,5,97,01.04.2026,Berufstätigen-WG,1929,9,3.0,93047,ja,38,19.9,Innenstadt,"19,9 qm",C,5.8,Genossenschaft,Zentralheizung,keine,24,ja,111,INS-2026-73879,123
"511,00 EUR",True,1. OG,teilmöbliert,5,2,97,21.04.2026,gemischt,1929,1,2.0,93055,nein,40,26.3,Ostenviertel,"26,3 qm",D,2.1,Privat,Nachtspeicher,Einbauküche,7,nein,233,INS-2026-16544,95
Kaltmiete: 204 €,False,3. OG,unmöbliert,15,6,107,20.06.2026,gemischt,1919,2,2.5,93051,nein,15,18.8,Ziegetsdorf,"18,8 qm",E,9.5,Privat,Gasetagenheizung,Einbauküche,38,nein,8,INS-2026-50142,119
576 €,True,Souterrain,möbliert,18,1,99,27.01.2026,gemischt,1927,8,2.0,93053,nein,10,22.7,Kasernenviertel,22.7 m2,F,1.2,Makler,Zentralheizung,keine,5,nein,17,INS-2026-36322,178
239,False,EG,unmöbliert,17,2,92,04.03.2026,gemischt,1934,7,3.0,93053,ja,65,14.4,Galgenberg,"14,4 qm",B,7.4,Makler,Zentralheizung,Pantry,29,ja,74,INS-2026-73551,51
299 warm,True,EG,unmöbliert,19,5,98,11.05.2026,gemischt,1928,4,2.0,93051,nein,14,13.9,Ziegetsdorf,13.9 m2,E,4.7,Privat,Gasetagenheizung,Einbauküche,18,nein,96,INS-2026-85914,102
392 kalt,True,4. OG,unmöbliert,6,6,17,03.03.2026,gemischt,2009,7,1.0,93055,ja,72,23.3,Burgweinting,23.3 m2,C,2.1,Genossenschaft,Fernwärme,Pantry,8,nein,231,INS-2026-20549,106
442 warm,False,Souterrain,möbliert,5,5,73,08.06.2026,gemischt,1953,5,1.0,93053,nein,19,16.5,Galgenberg,16 m²,E,10.4,Makler,Gasetagenheizung,Pantry,41,nein,70,INS-2026-36253,154
482,False,EG,unmöbliert,10,7,42,22.04.2026,gemischt,1984,10,1.0,93051,ja,31,26.0,Kumpfmühl,26.0 m2,D,6.5,Makler,Gasetagenheizung,Einbauküche,27,ja,272,INS-2026-45213,146
337 €,False,1. OG,unmöbliert,20,4,70,01.01.2026,Männer-WG,1956,10,3.0,93051,ja,11,22.6,Kumpfmühl,23 m²,F,8.7,Privat,Fernwärme,Einbauküche,34,nein,45,INS-2026-34840,79
164 €,False,EG,unmöbliert,9,2,45,10.05.2026,Berufstätigen-WG,1981,9,2.5,93049,ja,5,14.0,Großprüfening,14.0 m2,E,7.6,Privat,Zentralheizung,keine,31,ja,15,INS-2026-76253,99
416 warm,True,2. OG,teilmöbliert,17,6,23,15.04.2026,gemischt,2003,7,2.0,93053,nein,66,13.0,Galgenberg,13.0 m2,A+,3.6,Privat,Pellet,Einbauküche,14,nein,252,INS-2026-92364,99
326 warm,True,2. OG,unmöbliert,21,3,11,19.05.2026,Studenten-WG,2015,7,2.0,93051,ja,69,14.1,Dechbetten,14 m²,A,11.4,Privat,Öl,Pantry,45,nein,76,INS-2026-77480,129
327,False,3. OG,unmöbliert,22,2,15,17.01.2026,Studenten-WG,2011,1,2.0,93051,ja,73,17.4,Kumpfmühl,17 m²,B,6.1,Privat,Gasetagenheizung,keine,23,ja,49,INS-2026-52203,78
492 €,False,2. OG,unmöbliert,22,4,41,11.03.2026,gemischt,1985,10,1.5,93051,nein,62,32.0,Königswiesen,32 m²,D,6.5,Privat,Nachtspeicher,Einbauküche,25,ja,159,INS-2026-54809,56
262 €,False,4. OG,unmöbliert,12,5,105,15.06.2026,Studenten-WG,1921,3,2.0,93055,ja,71,18.5,Ostenviertel,18.5 m2,D,8.3,Privat,Gasetagenheizung,keine,33,nein,125,INS-2026-54815,69
Kaltmiete: 399 €,False,4. OG,teilmöbliert,15,5,92,02.04.2026,gemischt,1934,7,2.0,93047,nein,30,19.4,Innenstadt,19 m²,G,2.7,Privat,Öl,Pantry,10,nein,20,INS-2026-32071,69
319 warm,False,1. OG,möbliert,22,1,72,17.05.2026,gemischt,1954,2,2.0,93055,nein,32,16.9,Burgweinting,17 m²,D,6.6,Privat,Gasetagenheizung,Einbauküche,26,ja,216,INS-2026-35942,91
"446,00 EUR",True,4. OG,unmöbliert,12,2,62,11.04.2026,gemischt,1964,2,1.0,93053,ja,6,19.9,Galgenberg,"19,9 qm",E,8.2,Makler,Zentralheizung,Einbauküche,32,ja,144,INS-2026-76314,66
kalt 397€,False,2. OG,teilmöbliert,25,5,54,20.06.2026,Studenten-WG,1972,9,3.0,93059,ja,48,23.9,Stadtamhof,23.9 m2,F,9.1,Privat,Zentralheizung,keine,36,nein,277,INS-2026-67257,155
333,False,3. OG,unmöbliert,9,3,26,08.05.2026,Frauen-WG,2000,9,1.0,93051,nein,49,18.8,Kumpfmühl,"18,8 qm",A+,7.1,Privat,Zentralheizung,Pantry,29,nein,116,INS-2026-45231,53
516 warm,True,4. OG,möbliert,25,6,118,12.03.2026,Studenten-WG,1908,4,2.0,93051,ja,3,21.9,Königswiesen,21.9 m2,E,4.9,Privat,Fernwärme,Pantry,18,ja,32,INS-2026-46466,67
627,True,EG,unmöbliert,15,6,36,02.03.2026,Berufstätigen-WG,1990,7,1.0,93047,ja,27,26.3,Innenstadt,26.3 m2,H,8.5,Makler,Fernwärme,Pantry,34,ja,272,INS-2026-38244,114
496 warm,True,DG,möbliert,21,6,64,16.06.2026,Männer-WG,1962,2,1.0,93049,ja,23,18.1,Großprüfening,18.1 m2,C,1.6,Privat,Öl,Einbauküche,6,ja,153,INS-2026-62378,141
686 €,True,EG,möbliert,16,3,101,22.05.2026,Frauen-WG,1925,5,1.0,93053,nein,9,29.9,Galgenberg,"29,9 qm",D,7.4,Makler,Nachtspeicher,Pantry,30,nein,200,INS-2026-87844,108
471 warm,True,3. OG,teilmöbliert,17,6,40,22.03.2026,gemischt,1986,10,1.0,93049,ja,24,27.4,Großprüfening,27 m²,E,3.7,Privat,Gasetagenheizung,Pantry,15,nein,62,INS-2026-30476,62
"343,00 EUR",False,1. OG,unmöbliert,15,5,42,26.02.2026,Studenten-WG,1984,9,2.0,93055,nein,82,25.7,Burgweinting,"25,7 qm",D,1.4,Makler,Gasetagenheizung,Einbauküche,6,nein,207,INS-2026-81319,101
418 €,False,3. OG,teilmöbliert,19,4,73,07.05.2026,gemischt,1953,1,2.5,93055,nein,46,33.6,Ostenviertel,"33,6 qm",F,2.6,Makler,Öl,keine,10,nein,109,INS-2026-23632,173
407,True,3. OG,möbliert,15,3,45,19.04.2026,Studenten-WG,1981,7,1.5,93053,ja,59,17.4,Kasernenviertel,17.4 m2,B,3.8,Privat,Nachtspeicher,Einbauküche,15,nein,4,INS-2026-32083,65
200 €,False,4. OG,teilmöbliert,2,2,32,17.05.2026,Studenten-WG,1994,2,3.0,93055,ja,26,16.2,Ostenviertel,"16,2 qm",D,4.5,Privat,Gasetagenheizung,Pantry,18,nein,212,INS-2026-61313,77
421 kalt,True,1. OG,möbliert,19,5,86,20.03.2026,gemischt,1940,1,2.0,93053,ja,66,19.1,Galgenberg,"19,1 qm",F,7.6,Privat,Zentralheizung,Einbauküche,31,nein,85,INS-2026-88568,152
Kaltmiete: 713 €,True,1. OG,möbliert,13,7,69,11.06.2026,Studenten-WG,1957,3,2.0,93047,ja,33,28.5,Innenstadt,"28,5 qm",A,9.0,Privat,Gasetagenheizung,Einbauküche,36,nein,64,INS-2026-78781,70
427 €,False,DG,unmöbliert,15,3,6,06.02.2026,Studenten-WG,2020,1,2.0,93047,nein,65,18.0,Innenstadt,"18,0 qm",C,2.2,Makler,Zentralheizung,Einbauküche,8,nein,147,INS-2026-52236,121
475,True,1. OG,möbliert,15,4,7,08.04.2026,gemischt,2019,9,2.0,93051,ja,60,20.7,Königswiesen,"20,7 qm",A+,2.0,Privat,Gasetagenheizung,Einbauküche,7,ja,6,INS-2026-45169,49
Kaltmiete: 617 €,True,2. OG,möbliert,8,2,65,16.02.2026,Frauen-WG,1961,2,2.0,93047,ja,69,20.8,Innenstadt,"20,8 qm",B,1.9,Makler,Fernwärme,Pantry,8,nein,231,INS-2026-52349,129
792 warm,False,1. OG,unmöbliert,24,1,44,19.01.2026,gemischt,1982,2,1.0,93053,ja,90,34.4,Galgenberg,34.4 m2,D,7.2,Makler,Gasetagenheizung,Pantry,29,ja,268,INS-2026-95831,130
601 €,True,2. OG,möbliert,9,2,112,26.04.2026,Frauen-WG,1914,4,1.0,93055,nein,19,27.0,Burgweinting,27 m²,D,1.7,Genossenschaft,Öl,Einbauküche,6,ja,205,INS-2026-73379,128
686 warm,False,4. OG,teilmöbliert,22,6,97,11.04.2026,Studenten-WG,1929,2,2.0,93051,ja,57,32.2,Kumpfmühl,32.2 m2,E,8.8,Privat,Gasetagenheizung,Pantry,35,nein,25,INS-2026-35964,119
361 kalt,True,3. OG,unmöbliert,23,2,109,27.02.2026,gemischt,1917,10,2.0,93053,ja,24,16.6,Galgenberg,17 m²,F,1.9,Privat,Gasetagenheizung,keine,8,ja,125,INS-2026-32258,117
249 kalt,True,DG,teilmöbliert,22,2,77,13.04.2026,Studenten-WG,1949,2,3.0,93049,ja,62,13.5,Westenviertel,"13,5 qm",D,9.6,Privat,Pellet,Pantry,38,ja,17,INS-2026-65237,73
29 €,True,2. OG,unmöbliert,6,7,2,10.02.2026,Studenten-WG,2024,1,2.0,93051,nein,64,15.3,Königswiesen,15 m²,E,3.6,Privat,Zentralheizung,Einbauküche,14,ja,180,INS-2026-71069,112
259 €,False,DG,teilmöbliert,2,6,58,13.04.2026,Studenten-WG,1968,8,3.0,93055,nein,32,24.6,Burgweinting,24.6 m2,F,9.6,Makler,Zentralheizung,Einbauküche,39,nein,6,INS-2026-98850,129
"293,00 EUR",False,3. OG,unmöbliert,12,2,103,22.05.2026,Frauen-WG,1923,5,2.5,93055,ja,67,18.3,Ostenviertel,18 m²,D,7.6,Privat,Zentralheizung,keine,31,ja,210,INS-2026-81752,115
Kaltmiete: 402 €,True,EG,teilmöbliert,14,5,96,02.04.2026,Berufstätigen-WG,1930,4,1.5,93047,nein,5,15.7,Innenstadt,"15,7 qm",G,8.9,Privat,Öl,Einbauküche,37,nein,92,INS-2026-85869,103
499 €,True,1. OG,teilmöbliert,2,5,122,19.01.2026,gemischt,1904,6,2.0,93051,nein,40,22.2,Kumpfmühl,22.2 m2,F,1.2,Makler,Zentralheizung,Einbauküche,5,nein,63,INS-2026-68156,149
279 €,False,EG,unmöbliert,7,5,44,10.04.2026,gemischt,1982,9,2.0,93053,nein,77,16.8,Kasernenviertel,17 m²,F,9.5,Genossenschaft,Pellet,Einbauküche,38,ja,251,INS-2026-41981,71
132 warm,True,EG,möbliert,17,6,7,10.05.2026,Studenten-WG,2019,4,2.5,93049,ja,63,29.7,Westenviertel,30 m²,B,2.0,Genossenschaft,Nachtspeicher,Einbauküche,9,nein,235,INS-2026-89927,62
624 warm,False,EG,unmöbliert,6,5,88,06.04.2026,gemischt,1938,4,2.0,93055,ja,89,34.8,Ostenviertel,34.8 m2,F,4.8,Privat,Gasetagenheizung,Einbauküche,19,nein,220,INS-2026-83932,91
603,True,Souterrain,möbliert,18,1,90,28.02.2026,Frauen-WG,1936,5,1.0,93047,nein,36,23.8,Innenstadt,23.8 m2,C,1.2,Makler,Nachtspeicher,keine,5,nein,198,INS-2026-35479,73
431 €,True,DG,teilmöbliert,13,4,38,05.03.2026,gemischt,1988,7,2.0,93051,ja,79,21.0,Kumpfmühl,"21,0 qm",D,5.1,Privat,Öl,Einbauküche,20,ja,160,INS-2026-49373,118
429 warm,True,EG,unmöbliert,23,3,31,04.03.2026,gemischt,1995,6,1.5,93053,ja,78,13.9,Kasernenviertel,"13,9 qm",A,9.5,Makler,Zentralheizung,Einbauküche,38,nein,279,INS-2026-85856,94
368,True,2. OG,unmöbliert,14,3,24,10.06.2026,gemischt,2002,10,2.0,93049,ja,48,19.3,Westenviertel,19.3 m2,G,3.3,Genossenschaft,Zentralheizung,Einbauküche,12,ja,259,INS-2026-27948,186
315 €,False,1. OG,unmöbliert,7,3,56,23.01.2026,Studenten-WG,1970,4,3.0,93051,nein,36,21.1,Kumpfmühl,"21,1 qm",C,2.0,Privat,Gasetagenheizung,Pantry,9,ja,93,INS-2026-11348,69
638 €,True,2. OG,teilmöbliert,10,2,24,27.06.2026,Studenten-WG,2002,2,2.0,93047,nein,22,26.5,Innenstadt,26.5 m2,D,7.6,Makler,Fernwärme,Pantry,31,ja,106,INS-2026-98774,102
484 warm,True,EG,teilmöbliert,5,4,114,06.01.2026,Männer-WG,1912,9,1.0,93051,nein,67,20.8,Kumpfmühl,"20,8 qm",F,9.9,Makler,Gasetagenheizung,Pantry,41,nein,291,INS-2026-64551,64
"280,00 EUR",False,Souterrain,unmöbliert,22,5,53,01.04.2026,Studenten-WG,1973,9,2.0,93049,ja,76,18.4,Westenviertel,18.4 m2,G,5.3,Makler,Gasetagenheizung,Einbauküche,21,ja,19,INS-2026-38503,162
296,False,DG,teilmöbliert,7,4,53,09.05.2026,Frauen-WG,1973,2,1.0,93049,nein,32,25.5,Großprüfening,26 m²,E,5.9,Makler,Nachtspeicher,keine,23,nein,111,INS-2026-44347,122
63 €,False,1. OG,unmöbliert,19,3,68,12.02.2026,Berufstätigen-WG,1958,1,2.0,93047,nein,1,28.9,Innenstadt,"28,9 qm",B,9.2,Genossenschaft,Zentralheizung,keine,36,ja,103,INS-2026-94000,67
"386,00 EUR",False,3. OG,teilmöbliert,17,2,65,09.03.2026,Frauen-WG,1961,6,2.0,93059,ja,18,27.3,Reinhausen,27 m²,D,5.4,Makler,Zentralheizung,Einbauküche,21,nein,37,INS-2026-17800,56
238,True,2. OG,teilmöbliert,15,2,124,02.05.2026,gemischt,1902,6,2.5,93051,nein,64,17.0,Ziegetsdorf,"17,0 qm",E,9.5,Privat,Gasetagenheizung,Einbauküche,38,ja,229,INS-2026-60161,151
449 €,False,3. OG,teilmöbliert,18,4,36,10.02.2026,gemischt,1990,10,2.0,93055,nein,10,27.9,Ostenviertel,"27,9 qm",C,5.4,Privat,Pellet,Pantry,22,nein,200,INS-2026-21392,86
440 warm,True,Souterrain,möbliert,16,1,13,20.04.2026,gemischt,2013,5,2.0,93051,ja,31,19.0,Dechbetten,"19,0 qm",A+,3.5,Genossenschaft,Fernwärme,keine,14,nein,16,INS-2026-77478,105
167 €,False,4. OG,unmöbliert,24,6,71,24.04.2026,gemischt,1955,2,2.0,93051,nein,8,18.7,Ziegetsdorf,19 m²,C,11.4,Makler,Gasetagenheizung,Einbauküche,45,nein,262,INS-2026-37544,106
250 €,False,2. OG,unmöbliert,25,4,30,16.04.2026,Studenten-WG,1996,5,2.0,93051,ja,16,18.8,Ziegetsdorf,"18,8 qm",F,1.3,Privat,Öl,Einbauküche,5,nein,32,INS-2026-13204,173
556 kalt,True,3. OG,möbliert,24,4,4,01.06.2026,Studenten-WG,2022,4,2.5,93051,ja,90,25.8,Kumpfmühl,"25,8 qm",H,2.2,Genossenschaft,Zentralheizung,Pantry,8,nein,70,INS-2026-57041,202
293 €,False,4. OG,unmöbliert,4,2,91,19.03.2026,Studenten-WG,1935,10,2.0,93059,nein,60,17.3,Stadtamhof,"17,3 qm",F,9.2,Privat,Zentralheizung,Einbauküche,37,nein,30,INS-2026-57034,130
367 €,False,DG,unmöbliert,11,4,9,16.06.2026,Studenten-WG,2017,1,1.0,93055,nein,73,28.5,Burgweinting,28.5 m2,E,9.1,Privat,Nachtspeicher,Einbauküche,35,nein,216,INS-2026-72225,88
433 €,False,2. OG,teilmöbliert,5,6,60,15.02.2026,Studenten-WG,1966,9,2.0,93047,nein,15,19.9,Innenstadt,"19,9 qm",F,8.3,Genossenschaft,Fernwärme,Pantry,33,ja,203,INS-2026-28322,123
"482,00 EUR",True,3. OG,unmöbliert,23,7,34,27.05.2026,Frauen-WG,1992,6,1.0,93053,nein,42,22.0,Galgenberg,"22,0 qm",A,5.9,Makler,Öl,Pantry,24,nein,72,INS-2026-32894,84
324 €,False,2. OG,unmöbliert,13,1,120,14.06.2026,Studenten-WG,1906,1,3.0,93053,ja,67,20.8,Galgenberg,"20,8 qm",A,11.2,Privat,Nachtspeicher,Einbauküche,45,nein,119,INS-2026-26772,95
260,False,1. OG,unmöbliert,16,7,88,23.03.2026,gemischt,1938,2,3.0,93051,nein,30,14.3,Kumpfmühl,"14,3 qm",B,2.9,Privat,Zentralheizung,Einbauküche,12,ja,229,INS-2026-79986,150
476 €,False,3. OG,teilmöbliert,10,6,43,10.05.2026,Männer-WG,1983,4,3.0,93047,nein,11,23.0,Innenstadt,23.0 m2,C,5.8,Privat,Zentralheizung,keine,23,nein,18,INS-2026-36181,58
332 €,True,2. OG,teilmöbliert,17,3,35,26.02.2026,gemischt,1991,9,2.5,93053,nein,44,15.3,Galgenberg,"15,3 qm",E,2.3,Genossenschaft,Fernwärme,Einbauküche,10,nein,161,INS-2026-85579,66
455 warm,True,EG,möbliert,3,4,119,10.06.2026,Studenten-WG,1907,3,3.0,93051,nein,62,21.9,Dechbetten,"21,9 qm",E,5.8,Privat,Fernwärme,keine,24,nein,243,INS-2026-77190,144
358,True,2. OG,möbliert,13,3,78,16.03.2026,gemischt,1948,1,2.0,93051,nein,36,16.7,Kumpfmühl,16.7 m2,C,2.4,Makler,Zentralheizung,keine,10,nein,28,INS-2026-48753,105
398 €,True,3. OG,teilmöbliert,7,5,31,19.02.2026,gemischt,1995,9,2.0,93049,nein,19,19.9,Westenviertel,"19,9 qm",D,7.4,Privat,Zentralheizung,Einbauküche,29,ja,28,INS-2026-93691,60
411 kalt,False,DG,unmöbliert,6,1,84,27.03.2026,gemischt,1942,6,1.5,93047,ja,32,19.8,Innenstadt,19.8 m2,E,11.3,Makler,Gasetagenheizung,Einbauküche,45,nein,93,INS-2026-53097,143
307,True,EG,teilmöbliert,15,4,29,11.03.2026,Frauen-WG,1997,7,2.0,93051,ja,54,19.1,Dechbetten,19 m²,F,1.2,Privat,Zentralheizung,Pantry,5,ja,31,INS-2026-28806,123
202,False,4. OG,unmöbliert,3,4,22,06.03.2026,gemischt,2004,3,2.0,93049,ja,3,15.3,Westenviertel,15.3 m2,F,1.8,Privat,Gasetagenheizung,keine,7,nein,139,INS-2026-89376,150
541 €,True,1. OG,unmöbliert,24,7,7,03.02.2026,gemischt,2019,7,3.0,93053,ja,69,25.6,Kasernenviertel,25.6 m2,D,11.2,Makler,Zentralheizung,Einbauküche,45,nein,137,INS-2026-18505,125
482 kalt,True,3. OG,möbliert,5,2,102,13.04.2026,Studenten-WG,1924,5,2.0,93053,ja,54,20.4,Kasernenviertel,"20,4 qm",E,10.3,Makler,Öl,Einbauküche,40,ja,195,INS-2026-69282,100
259,False,3. OG,unmöbliert,19,7,68,26.05.2026,Studenten-WG,1958,1,2.0,93049,ja,9,18.4,Karthaus-Prüll,18 m²,G,6.5,Makler,Fernwärme,keine,25,nein,15,INS-2026-36764,151
"316,00 EUR",False,2. OG,möbliert,15,7,51,01.02.2026,Frauen-WG,1975,7,2.5,93051,nein,16,17.1,Kumpfmühl,"17,1 qm",C,10.3,Privat,Zentralheizung,Pantry,41,nein,98,INS-2026-69747,123
321,False,DG,unmöbliert,16,6,48,28.05.2026,Studenten-WG,1978,5,2.0,93053,nein,58,18.1,Galgenberg,"18,1 qm",C,5.1,Makler,Zentralheizung,Einbauküche,21,nein,43,INS-2026-50990,58
463,False,2. OG,teilmöbliert,2,5,87,27.02.2026,Studenten-WG,1939,1,3.0,93055,ja,11,30.8,Ostenviertel,"30,8 qm",E,10.5,Privat,Zentralheizung,Einbauküche,42,ja,168,INS-2026-45156,60
"159,00 EUR",False,3. OG,unmöbliert,19,4,62,26.02.2026,Studenten-WG,1964,9,3.0,93059,nein,36,13.8,Reinhausen,"13,8 qm",C,8.0,Privat,Öl,Einbauküche,32,ja,87,INS-2026-23985,101
396,False,EG,unmöbliert,16,3,53,07.02.2026,gemischt,1973,10,2.0,93051,nein,52,25.9,Königswiesen,"25,9 qm",A,6.8,Privat,Gasetagenheizung,Einbauküche,28,nein,18,INS-2026-36864,122
651 warm,True,EG,unmöbliert,12,4,117,24.06.2026,gemischt,1909,1,1.5,93049,ja,6,23.7,Westenviertel,"23,7 qm",A,3.9,Privat,Zentralheizung,Einbauküche,16,nein,54,INS-2026-14077,117
kalt 358€,False,4. OG,möbliert,11,4,50,20.06.2026,Studenten-WG,1976,2,3.0,93059,ja,73,20.0,Stadtamhof,20.0 m2,F,3.2,Privat,Nachtspeicher,Einbauküche,13,nein,70,INS-2026-67584,147
394 warm,True,DG,unmöbliert,4,7,8,22.06.2026,gemischt,2018,7,2.0,93049,ja,70,19.5,Großprüfening,19.5 m2,G,10.8,Privat,Nachtspeicher,Pantry,43,ja,250,INS-2026-87602,100
382,True,3. OG,möbliert,11,1,6,09.03.2026,Studenten-WG,2020,4,1.5,93051,ja,36,14.2,Kumpfmühl,14.2 m2,B,8.2,Makler,Öl,Einbauküche,33,ja,246,INS-2026-15713,105
kalt 389€,False,4. OG,teilmöbliert,7,2,15,14.02.2026,gemischt,2011,3,3.0,93053,nein,61,20.5,Kasernenviertel,"20,5 qm",E,3.3,Privat,Pellet,Einbauküche,13,nein,25,INS-2026-92825,163
701,True,3. OG,teilmöbliert,6,3,5,12.02.2026,gemischt,2021,7,1.0,93059,nein,90,23.0,Stadtamhof,23.0 m2,C,10.7,Genossenschaft,Gasetagenheizung,Pantry,44,ja,96,INS-2026-46944,109
575 warm,True,1. OG,teilmöbliert,15,5,15,16.04.2026,Studenten-WG,2011,2,2.0,93049,nein,86,22.8,Karthaus-Prüll,22.8 m2,B,1.9,Privat,Fernwärme,Pantry,8,ja,120,INS-2026-42252,85
Kaltmiete: 309 €,False,EG,unmöbliert,11,4,114,08.05.2026,Studenten-WG,1912,9,1.0,93059,nein,60,19.7,Reinhausen,20 m²,D,4.1,Makler,Nachtspeicher,keine,16,nein,51,INS-2026-63075,125
473 €,True,EG,teilmöbliert,11,1,8,14.03.2026,gemischt,2018,10,1.0,93049,nein,55,23.4,Karthaus-Prüll,23 m²,D,7.4,Privat,Nachtspeicher,Einbauküche,29,nein,200,INS-2026-52561,129
Kaltmiete: 503 €,True,1. OG,teilmöbliert,5,1,122,28.04.2026,Studenten-WG,1904,2,2.0,93051,nein,86,25.1,Kumpfmühl,"25,1 qm",E,7.8,Privat,Gasetagenheizung,Einbauküche,31,nein,240,INS-2026-38178,144
"337,00 EUR",False,EG,unmöbliert,7,3,48,08.02.2026,gemischt,1978,2,3.0,93053,ja,37,18.9,Kasernenviertel,"18,9 qm",A+,6.5,Privat,Zentralheizung,Einbauküche,27,nein,101,INS-2026-67081,94
223 €,True,3. OG,teilmöbliert,2,2,85,15.01.2026,Studenten-WG,1941,4,1.0,93051,nein,30,14.6,Ziegetsdorf,"14,6 qm",E,1.5,Privat,Zentralheizung,Einbauküche,7,nein,30,INS-2026-75927,146
397 €,False,4. OG,unmöbliert,11,5,75,16.04.2026,gemischt,1951,1,2.0,93047,ja,56,20.2,Innenstadt,20 m²,B,3.7,Privat,Gasetagenheizung,Pantry,15,nein,11,INS-2026-86877,50
"57,00 EUR",True,2. OG,unmöbliert,13,4,24,16.06.2026,Frauen-WG,2002,10,1.0,93053,ja,86,24.3,Galgenberg,"24,3 qm",E,6.4,Genossenschaft,Fernwärme,Einbauküche,26,nein,268,INS-2026-34500,98
144,False,2. OG,unmöbliert,14,7,39,30.03.2026,gemischt,1987,1,3.0,93051,ja,41,14.5,Dechbetten,"14,5 qm",H,11.1,Privat,Fernwärme,Pantry,44,nein,299,INS-2026-80233,68
479 warm,True,EG,unmöbliert,23,4,2,14.04.2026,gemischt,2024,5,1.0,93055,nein,41,21.0,Burgweinting,"21,0 qm",B,10.6,Privat,Gasetagenheizung,Einbauküche,43,nein,131,INS-2026-14285,130
363 €,False,Souterrain,möbliert,18,3,40,24.01.2026,gemischt,1986,4,3.0,93051,ja,64,24.8,Königswiesen,24.8 m2,A,8.6,Privat,Zentralheizung,Einbauküche,34,nein,163,INS-2026-13240,63
589,True,EG,möbliert,6,7,34,01.04.2026,gemischt,1992,10,2.0,93059,nein,25,24.8,Stadtamhof,24.8 m2,A,1.2,Privat,Nachtspeicher,Einbauküche,5,nein,59,INS-2026-67963,59
497,True,EG,unmöbliert,24,5,120,25.02.2026,gemischt,1906,1,2.0,93049,nein,30,25.4,Westenviertel,25.4 m2,C,5.9,Makler,Gasetagenheizung,Einbauküche,24,ja,27,INS-2026-35492,131
464 warm,True,3. OG,unmöbliert,11,4,107,03.02.2026,Berufstätigen-WG,1919,9,1.5,93051,ja,4,21.8,Ziegetsdorf,21.8 m2,F,3.5,Privat,Zentralheizung,Einbauküche,15,nein,61,INS-2026-42687,134
624 warm,True,1. OG,teilmöbliert,12,2,96,11.05.2026,Studenten-WG,1930,4,2.0,93053,nein,39,22.0,Kasernenviertel,22.0 m2,D,4.0,Privat,Zentralheizung,Einbauküche,16,nein,194,INS-2026-60026,107
257 €,True,2. OG,teilmöbliert,9,5,18,06.05.2026,Berufstätigen-WG,2008,8,2.0,93053,ja,26,12.6,Kasernenviertel,12.6 m2,F,10.4,Makler,Nachtspeicher,Pantry,42,ja,193,INS-2026-75227,65
343,False,4. OG,teilmöbliert,20,4,75,30.05.2026,gemischt,1951,6,3.0,93059,ja,13,26.7,Reinhausen,"26,7 qm",E,2.2,Privat,Öl,Einbauküche,9,nein,214,INS-2026-62354,142
464 warm,False,Souterrain,teilmöbliert,5,1,101,14.04.2026,gemischt,1925,3,2.0,93049,nein,37,23.2,Karthaus-Prüll,23 m²,D,7.4,Privat,Zentralheizung,Pantry,30,nein,246,INS-2026-90857,98
639 warm,True,2. OG,unmöbliert,24,7,109,09.01.2026,gemischt,1917,8,2.0,93047,ja,90,18.8,Innenstadt,"18,8 qm",D,4.4,Privat,Fernwärme,Einbauküche,18,nein,132,INS-2026-75343,119
398,True,3. OG,teilmöbliert,3,2,103,24.02.2026,Studenten-WG,1923,3,2.0,93053,nein,8,16.5,Kasernenviertel,16.5 m2,B,5.3,Genossenschaft,Zentralheizung,Einbauküche,22,ja,33,INS-2026-33654,142
"354,00 EUR",False,3. OG,teilmöbliert,6,1,63,18.03.2026,Studenten-WG,1963,8,3.0,93053,ja,49,20.4,Kasernenviertel,20 m²,A,5.2,Privat,Gasetagenheizung,Einbauküche,21,ja,124,INS-2026-58315,77
701 warm,True,2. OG,teilmöbliert,20,4,10,12.02.2026,Frauen-WG,2016,6,2.5,93051,ja,61,26.7,Kumpfmühl,27 m²,D,5.0,Privat,Öl,Pantry,20,ja,33,INS-2026-57896,136
Kaltmiete: 718 €,True,DG,unmöbliert,12,3,80,17.04.2026,gemischt,1946,1,2.0,93047,ja,75,29.3,Innenstadt,29.3 m2,B,7.7,Privat,Gasetagenheizung,Einbauküche,31,ja,173,INS-2026-88131,91
"342,00 EUR",False,1. OG,unmöbliert,21,6,73,31.05.2026,Männer-WG,1953,2,2.0,93055,ja,85,26.2,Ostenviertel,26 m²,F,5.6,Privat,Nachtspeicher,Pantry,22,nein,294,INS-2026-38958,108
667 warm,True,EG,unmöbliert,5,4,27,20.06.2026,gemischt,1999,1,2.0,93047,ja,20,18.9,Innenstadt,19 m²,G,6.7,Makler,Zentralheizung,Einbauküche,26,nein,292,INS-2026-39465,169
443 €,False,DG,unmöbliert,11,1,35,23.06.2026,Berufstätigen-WG,1991,6,3.0,93047,nein,24,20.0,Innenstadt,20.0 m2,F,8.3,Privat,Gasetagenheizung,Einbauküche,33,ja,229,INS-2026-19196,120
"443,00 EUR",False,EG,unmöbliert,4,6,79,02.01.2026,Studenten-WG,1947,6,2.0,93051,ja,18,24.5,Kumpfmühl,"24,5 qm",C,5.0,Privat,Fernwärme,keine,20,nein,191,INS-2026-98954,124
"328,00 EUR",True,DG,möbliert,11,5,17,04.03.2026,Studenten-WG,2009,5,1.0,93055,nein,51,16.7,Ostenviertel,16.7 m2,D,11.0,Makler,Öl,Pantry,43,ja,213,INS-2026-42297,172
333 €,False,EG,unmöbliert,10,4,56,04.02.2026,Frauen-WG,1970,4,1.5,93049,ja,44,20.9,Karthaus-Prüll,21 m²,A+,2.6,Privat,Gasetagenheizung,Pantry,11,ja,162,INS-2026-58072,113
506,False,Souterrain,teilmöbliert,23,2,12,02.02.2026,Frauen-WG,2014,10,2.0,93053,ja,15,25.7,Galgenberg,"25,7 qm",D,9.6,Privat,Nachtspeicher,Pantry,39,nein,52,INS-2026-46403,124
547 kalt,True,3. OG,teilmöbliert,6,7,98,23.02.2026,Berufstätigen-WG,1928,7,1.5,93053,nein,24,25.3,Galgenberg,25 m²,C,10.1,Privat,Fernwärme,Einbauküche,40,nein,169,INS-2026-78276,133
689 warm,True,EG,teilmöbliert,6,1,121,08.05.2026,gemischt,1905,7,1.0,93053,ja,55,22.3,Galgenberg,22 m²,F,2.2,Makler,Gasetagenheizung,Einbauküche,9,ja,14,INS-2026-10005,98
370,False,EG,unmöbliert,2,5,79,27.01.2026,gemischt,1947,10,3.0,93053,ja,41,24.2,Galgenberg,24 m²,E,6.7,Makler,Zentralheizung,Pantry,27,ja,275,INS-2026-76602,167
495 warm,True,2. OG,möbliert,24,5,83,27.05.2026,Studenten-WG,1943,2,1.0,93059,ja,31,18.6,Reinhausen,19 m²,D,3.6,Privat,Zentralheizung,Pantry,14,ja,231,INS-2026-36646,120
458,True,2. OG,möbliert,12,4,5,30.03.2026,Studenten-WG,2021,5,1.5,93051,ja,10,25.4,Dechbetten,25.4 m2,G,2.3,Makler,Gasetagenheizung,Einbauküche,9,nein,295,INS-2026-35427,143
kalt 341€,True,1. OG,teilmöbliert,12,3,117,17.06.2026,Frauen-WG,1909,4,2.0,93059,nein,27,21.0,Reinhausen,21 m²,E,10.7,Privat,Gasetagenheizung,keine,44,ja,93,INS-2026-10343,103
350 warm,False,4. OG,unmöbliert,20,1,54,16.03.2026,Studenten-WG,1972,4,3.0,93055,ja,39,19.5,Burgweinting,"19,5 qm",D,6.0,Privat,Zentralheizung,Pantry,23,nein,100,INS-2026-20842,161
"34,00 EUR",False,EG,teilmöbliert,18,4,53,15.06.2026,Studenten-WG,1973,4,2.0,93053,nein,46,21.1,Kasernenviertel,"21,1 qm",G,8.8,Privat,Gasetagenheizung,Pantry,35,ja,60,INS-2026-81256,144
468 warm,True,4. OG,unmöbliert,6,3,70,20.03.2026,Studenten-WG,1956,3,1.0,93053,nein,20,13.6,Galgenberg,"13,6 qm",E,1.5,Makler,Gasetagenheizung,Einbauküche,5,ja,28,INS-2026-33543,155
"324,00 EUR",False,1. OG,unmöbliert,14,7,19,15.01.2026,gemischt,2007,4,2.5,93049,nein,66,22.9,Großprüfening,23 m²,A,2.9,Privat,Fernwärme,Pantry,12,nein,165,INS-2026-76823,61
"301,00 EUR",False,3. OG,unmöbliert,7,6,94,03.03.2026,Studenten-WG,1932,8,1.0,93053,ja,2,15.5,Kasernenviertel,15.5 m2,F,2.6,Privat,Gasetagenheizung,Pantry,11,nein,270,INS-2026-92178,126
239,False,EG,teilmöbliert,10,1,73,21.03.2026,gemischt,1953,6,2.5,93051,ja,90,14.1,Kumpfmühl,14.1 m2,F,5.4,Privat,Gasetagenheizung,Pantry,21,nein,104,INS-2026-46019,145
603 €,True,EG,unmöbliert,19,1,25,02.04.2026,Berufstätigen-WG,2001,6,2.0,93047,nein,26,24.1,Innenstadt,24.1 m2,F,2.3,Privat,Gasetagenheizung,Pantry,9,nein,249,INS-2026-38830,164
468,True,3. OG,teilmöbliert,4,2,94,22.06.2026,gemischt,1932,3,2.0,93051,nein,34,24.6,Kumpfmühl,25 m²,E,10.8,Makler,Zentralheizung,Einbauküche,43,ja,85,INS-2026-55247,169
435,True,2. OG,teilmöbliert,16,5,86,26.06.2026,gemischt,1940,8,2.0,93049,ja,20,22.8,Westenviertel,23 m²,H,2.1,Privat,Zentralheizung,Pantry,8,nein,66,INS-2026-91528,171
410 €,False,2. OG,unmöbliert,10,7,28,23.05.2026,gemischt,1998,7,3.0,93051,nein,4,26.1,Königswiesen,26.1 m2,A,8.9,Privat,Fernwärme,Einbauküche,36,ja,262,INS-2026-40345,73
318 warm,False,4. OG,möbliert,21,1,38,09.01.2026,Studenten-WG,1988,9,2.0,93051,nein,1,13.6,Kumpfmühl,14 m²,C,10.6,Genossenschaft,Öl,Einbauküche,43,nein,288,INS-2026-76074,103
"463,00 EUR",False,2. OG,unmöbliert,2,5,43,06.06.2026,Studenten-WG,1983,1,2.0,93053,ja,64,26.0,Galgenberg,26.0 m2,A+,3.1,Makler,Nachtspeicher,Pantry,12,nein,96,INS-2026-18125,87
307,False,2. OG,unmöbliert,12,7,67,07.01.2026,Studenten-WG,1959,10,3.0,93047,nein,36,15.9,Innenstadt,"15,9 qm",D,11.2,Privat,Zentralheizung,Einbauküche,45,nein,95,INS-2026-10017,55
551 warm,True,1. OG,unmöbliert,6,2,6,09.01.2026,Studenten-WG,2020,9,1.0,93049,ja,40,32.7,Großprüfening,"32,7 qm",D,7.7,Privat,Öl,Einbauküche,30,ja,156,INS-2026-67559,64
423 warm,False,2. OG,unmöbliert,12,6,62,30.05.2026,Studenten-WG,1964,2,2.0,93049,nein,86,19.4,Westenviertel,19.4 m2,D,4.3,Privat,Nachtspeicher,Einbauküche,17,ja,17,INS-2026-91418,129
614 warm,True,DG,teilmöbliert,22,2,73,19.05.2026,gemischt,1953,4,1.0,93053,nein,10,20.9,Kasernenviertel,21 m²,B,4.5,Makler,Zentralheizung,Pantry,19,ja,8,INS-2026-60228,117
455 warm,False,EG,unmöbliert,2,2,70,24.05.2026,Studenten-WG,1956,6,3.0,93055,nein,32,23.5,Ostenviertel,23.5 m2,D,9.2,Privat,Zentralheizung,Pantry,37,nein,297,INS-2026-18941,163
297 warm,False,4. OG,unmöbliert,6,3,53,14.03.2026,gemischt,1973,1,3.0,93059,ja,21,16.1,Stadtamhof,"16,1 qm",D,10.5,Makler,Gasetagenheizung,keine,42,nein,87,INS-2026-63131,65
437 warm,False,3. OG,unmöbliert,4,6,75,21.03.2026,Studenten-WG,1951,10,2.0,93051,ja,5,20.3,Kumpfmühl,20.3 m2,B,8.6,Privat,Gasetagenheizung,Einbauküche,34,nein,241,INS-2026-75477,126
480,True,EG,teilmöbliert,18,1,74,11.04.2026,Frauen-WG,1952,2,3.0,93059,ja,80,18.3,Stadtamhof,"18,3 qm",A+,1.8,Genossenschaft,Fernwärme,Einbauküche,8,nein,21,INS-2026-16438,122
521 warm,True,EG,unmöbliert,10,5,7,02.03.2026,Studenten-WG,2019,5,2.0,93049,ja,59,19.3,Westenviertel,"19,3 qm",C,1.6,Makler,Zentralheizung,Pantry,6,nein,156,INS-2026-46746,84
521 €,True,2. OG,unmöbliert,18,6,17,26.06.2026,gemischt,2009,9,2.0,93051,nein,41,31.7,Königswiesen,"31,7 qm",B,3.5,Privat,Fernwärme,Einbauküche,13,nein,286,INS-2026-33859,71
331 warm,True,1. OG,unmöbliert,24,5,61,31.05.2026,Männer-WG,1965,3,1.5,93051,nein,56,14.3,Dechbetten,14 m²,A,3.8,Privat,Fernwärme,Einbauküche,15,nein,280,INS-2026-54492,127
"438,00 EUR",False,2. OG,unmöbliert,19,3,31,17.02.2026,gemischt,1995,1,2.5,93049,nein,26,28.2,Westenviertel,28.2 m2,E,7.5,Makler,Pellet,Einbauküche,29,nein,39,INS-2026-37881,98
440 €,True,EG,teilmöbliert,15,4,100,08.06.2026,Männer-WG,1926,9,1.5,93053,nein,48,17.9,Galgenberg,18 m²,F,8.4,Privat,Fernwärme,Einbauküche,33,nein,50,INS-2026-74468,159
292 €,False,EG,teilmöbliert,25,7,39,16.01.2026,Studenten-WG,1987,2,2.0,93051,ja,60,24.3,Ziegetsdorf,24 m²,F,10.4,Genossenschaft,Fernwärme,Einbauküche,42,ja,200,INS-2026-17808,170
495,True,EG,teilmöbliert,13,1,15,09.04.2026,gemischt,2011,2,1.0,93049,ja,12,19.1,Westenviertel,19.1 m2,A,5.0,Privat,Gasetagenheizung,Pantry,20,ja,143,INS-2026-26738,79
571 warm,True,1. OG,möbliert,5,3,10,11.01.2026,Studenten-WG,2016,10,2.0,93053,nein,6,19.3,Galgenberg,19 m²,B,5.7,Privat,Zentralheizung,Pantry,23,nein,88,INS-2026-22402,84
440,True,2. OG,teilmöbliert,11,3,111,08.05.2026,gemischt,1915,3,2.0,93049,ja,7,21.7,Westenviertel,21.7 m2,D,10.2,Genossenschaft,Zentralheizung,Einbauküche,42,nein,182,INS-2026-85550,56
269 €,False,Souterrain,unmöbliert,12,5,83,07.01.2026,gemischt,1943,2,1.0,93055,nein,56,21.6,Burgweinting,21.6 m2,B,10.5,Privat,Zentralheizung,Pantry,41,nein,60,INS-2026-30921,73
"395,00 EUR",True,1. OG,unmöbliert,14,7,106,03.01.2026,Berufstätigen-WG,1920,9,3.0,93051,ja,24,19.2,Kumpfmühl,19.2 m2,D,3.7,Privat,Öl,Einbauküche,15,nein,122,INS-2026-90693,146
344 warm,False,DG,teilmöbliert,7,1,96,06.01.2026,Studenten-WG,1930,4,2.0,93055,ja,31,20.5,Ostenviertel,"20,5 qm",E,5.8,Makler,Nachtspeicher,keine,23,nein,33,INS-2026-37110,72
280,True,1. OG,teilmöbliert,7,6,7,19.02.2026,gemischt,2019,9,2.0,93053,ja,11,10.9,Kasernenviertel,"10,9 qm",E,9.5,Privat,Zentralheizung,Pantry,38,nein,287,INS-2026-86932,154
568,False,EG,unmöbliert,3,5,14,10.04.2026,Frauen-WG,2012,1,3.0,93047,nein,75,24.4,Innenstadt,24.4 m2,A+,5.3,Privat,Pellet,Einbauküche,21,nein,32,INS-2026-86732,56
413 warm,True,2. OG,unmöbliert,12,7,19,11.01.2026,Studenten-WG,2007,8,1.0,93049,ja,53,15.0,Westenviertel,15.0 m2,D,6.1,Privat,Gasetagenheizung,Einbauküche,25,nein,117,INS-2026-74637,117
389,False,4. OG,unmöbliert,19,7,26,24.01.2026,Frauen-WG,2000,10,2.5,93051,nein,13,25.4,Kumpfmühl,"25,4 qm",F,3.1,Makler,Gasetagenheizung,Einbauküche,12,nein,6,INS-2026-38736,172
"372,00 EUR",False,EG,teilmöbliert,20,6,61,02.04.2026,Berufstätigen-WG,1965,3,3.0,93053,ja,18,20.6,Kasernenviertel,20.6 m2,F,4.8,Privat,Gasetagenheizung,Einbauküche,19,nein,255,INS-2026-22971,140
440 €,False,EG,möbliert,15,2,61,05.06.2026,gemischt,1965,3,2.0,93053,nein,35,24.4,Galgenberg,24.4 m2,C,10.9,Privat,Nachtspeicher,Einbauküche,44,ja,46,INS-2026-81870,86
"315,00 EUR",False,Souterrain,unmöbliert,14,2,54,24.03.2026,Studenten-WG,1972,1,1.0,93049,ja,85,20.5,Westenviertel,20 m²,F,6.0,Privat,Öl,Einbauküche,24,ja,240,INS-2026-64984,130
261 kalt,False,EG,unmöbliert,19,5,39,14.05.2026,Studenten-WG,1987,5,2.0,93053,nein,65,16.5,Galgenberg,16.5 m2,G,4.8,Makler,Gasetagenheizung,Pantry,19,ja,59,INS-2026-43863,66
253,False,DG,teilmöbliert,20,3,68,18.01.2026,Frauen-WG,1958,7,2.0,93059,nein,78,18.0,Reinhausen,18 m²,G,8.8,Privat,Fernwärme,Pantry,35,ja,127,INS-2026-66024,114
292 warm,False,3. OG,teilmöbliert,5,1,88,17.03.2026,gemischt,1938,8,3.0,93059,ja,31,15.2,Stadtamhof,15 m²,A,6.7,Privat,Nachtspeicher,Einbauküche,28,nein,275,INS-2026-61321,45
"576,00 EUR",True,DG,möbliert,16,4,5,24.06.2026,gemischt,2021,2,1.0,93053,nein,55,20.9,Kasernenviertel,21 m²,B,1.2,Makler,Gasetagenheizung,Einbauküche,5,nein,119,INS-2026-75873,54
406 €,True,EG,teilmöbliert,21,3,10,08.06.2026,Berufstätigen-WG,2016,8,3.0,93053,ja,21,16.4,Kasernenviertel,16.4 m2,A,10.7,Makler,Gasetagenheizung,Einbauküche,44,nein,276,INS-2026-48363,133
206,True,1. OG,teilmöbliert,24,3,13,18.02.2026,Studenten-WG,2013,10,2.0,93059,nein,33,11.9,Reinhausen,11.9 m2,H,8.8,Privat,Zentralheizung,keine,37,ja,12,INS-2026-38251,160
"347,00 EUR",False,1. OG,unmöbliert,16,5,57,15.02.2026,gemischt,1969,7,3.0,93051,ja,51,22.6,Königswiesen,"22,6 qm",E,2.7,Privat,Zentralheizung,Pantry,11,nein,201,INS-2026-97702,96
Kaltmiete: 436 €,False,1. OG,unmöbliert,17,2,61,13.05.2026,Studenten-WG,1965,3,1.0,93049,ja,19,27.3,Karthaus-Prüll,"27,3 qm",D,8.2,Privat,Nachtspeicher,Einbauküche,32,nein,227,INS-2026-70971,121
"294,00 EUR",False,EG,teilmöbliert,20,1,73,13.05.2026,gemischt,1953,9,2.0,93051,nein,64,16.8,Kumpfmühl,17 m²,B,10.0,Makler,Fernwärme,Einbauküche,40,ja,194,INS-2026-12615,58
185 €,True,EG,teilmöbliert,16,3,19,06.05.2026,Studenten-WG,2007,10,1.0,93055,nein,33,12.8,Burgweinting,12.8 m2,G,8.0,Privat,Nachtspeicher,Pantry,32,nein,82,INS-2026-92848,74
"387,00 EUR",False,2. OG,unmöbliert,15,3,115,18.01.2026,gemischt,1911,3,3.0,93049,nein,62,23.9,Westenviertel,23.9 m2,D,5.2,Privat,Gasetagenheizung,Einbauküche,22,nein,119,INS-2026-15436,61
375 warm,False,4. OG,teilmöbliert,24,7,88,22.06.2026,gemischt,1938,7,1.0,93049,nein,89,18.5,Großprüfening,"18,5 qm",B,8.2,Privat,Gasetagenheizung,Pantry,33,nein,126,INS-2026-47316,123
481 warm,True,3. OG,möbliert,17,4,3,22.01.2026,Berufstätigen-WG,2023,4,2.0,93051,ja,22,18.5,Ziegetsdorf,18 m²,E,5.3,Privat,Fernwärme,Einbauküche,21,ja,179,INS-2026-30280,131
642 warm,True,1. OG,unmöbliert,2,4,6,21.04.2026,gemischt,2020,5,1.0,93053,ja,65,18.2,Kasernenviertel,18.2 m2,E,1.9,Privat,Zentralheizung,Einbauküche,8,ja,208,INS-2026-51845,124
311 €,True,1. OG,möbliert,17,3,28,15.03.2026,gemischt,1998,7,2.5,93049,ja,16,19.4,Großprüfening,"19,4 qm",D,4.9,Privat,Pellet,Einbauküche,20,ja,133,INS-2026-99092,132
425 €,True,DG,unmöbliert,11,3,26,17.05.2026,gemischt,2000,10,2.0,93053,ja,2,15.8,Kasernenviertel,"15,8 qm",E,3.6,Makler,Fernwärme,Einbauküche,14,ja,111,INS-2026-54784,133
311 warm,False,1. OG,teilmöbliert,5,5,45,26.03.2026,gemischt,1981,7,2.5,93049,nein,90,14.7,Westenviertel,14.7 m2,A+,4.0,Privat,Nachtspeicher,keine,16,ja,182,INS-2026-55805,85
Kaltmiete: 477 €,True,EG,unmöbliert,3,1,116,25.06.2026,Studenten-WG,1910,6,2.0,93051,nein,32,23.6,Kumpfmühl,"23,6 qm",A,8.7,Makler,Gasetagenheizung,Einbauküche,35,nein,258,INS-2026-67390,118
413,True,2. OG,möbliert,2,1,11,09.04.2026,Studenten-WG,2015,6,1.0,93055,nein,44,17.7,Ostenviertel,"17,7 qm",C,8.1,Privat,Gasetagenheizung,Einbauküche,32,ja,212,INS-2026-66632,80
666 kalt,True,1. OG,möbliert,3,2,12,26.05.2026,Berufstätigen-WG,2014,7,1.5,93053,ja,87,21.2,Galgenberg,"21,2 qm",D,6.5,Privat,Fernwärme,Pantry,26,nein,206,INS-2026-52809,61
"247,00 EUR",False,3. OG,teilmöbliert,10,3,29,20.04.2026,Berufstätigen-WG,1997,7,2.5,93049,nein,61,18.9,Großprüfening,"18,9 qm",D,2.4,Privat,Nachtspeicher,Pantry,10,nein,300,INS-2026-36476,90
224,False,Souterrain,möbliert,11,2,69,25.02.2026,Studenten-WG,1957,2,3.0,93059,nein,25,16.5,Reinhausen,16 m²,D,11.5,Makler,Zentralheizung,Einbauküche,45,nein,19,INS-2026-30330,65
171 kalt,False,1. OG,teilmöbliert,15,1,62,05.06.2026,Studenten-WG,1964,8,3.0,93055,nein,68,13.0,Ostenviertel,"13,0 qm",C,5.6,Privat,Gasetagenheizung,Einbauküche,24,ja,107,INS-2026-30856,89
711 kalt,True,DG,möbliert,11,6,11,22.06.2026,gemischt,2015,2,2.0,93047,ja,83,21.0,Innenstadt,21 m²,F,2.2,Privat,Öl,Einbauküche,8,ja,84,INS-2026-79905,83
396 €,False,2. OG,unmöbliert,12,6,76,26.01.2026,Berufstätigen-WG,1950,4,2.0,93059,ja,23,27.9,Reinhausen,28 m²,G,10.3,Genossenschaft,Öl,Einbauküche,41,nein,117,INS-2026-39571,96
"229,00 EUR",False,DG,teilmöbliert,2,6,64,23.03.2026,Studenten-WG,1962,4,1.5,93059,ja,22,17.5,Reinhausen,18 m²,D,4.7,Genossenschaft,Gasetagenheizung,keine,18,nein,48,INS-2026-40009,109
412 warm,True,EG,möbliert,24,2,44,22.02.2026,Frauen-WG,1982,9,3.0,93055,ja,75,23.1,Burgweinting,23 m²,C,4.4,Privat,Gasetagenheizung,Einbauküche,17,ja,100,INS-2026-90397,68
425 warm,True,EG,teilmöbliert,8,3,31,25.06.2026,Frauen-WG,1995,6,2.0,93049,nein,52,19.0,Westenviertel,"19,0 qm",A+,6.3,Makler,Zentralheizung,Pantry,26,nein,219,INS-2026-58017,62
360,True,2. OG,teilmöbliert,12,2,28,14.03.2026,Frauen-WG,1998,1,3.0,93051,nein,6,21.7,Königswiesen,"21,7 qm",A+,6.4,Privat,Gasetagenheizung,Einbauküche,25,nein,9,INS-2026-87034,85
381 kalt,False,2. OG,unmöbliert,6,2,29,20.01.2026,Studenten-WG,1997,8,2.0,93047,ja,80,16.1,Innenstadt,16 m²,B,7.9,Privat,Fernwärme,Einbauküche,32,ja,237,INS-2026-23186,83
499,False,2. OG,unmöbliert,23,6,120,15.01.2026,gemischt,1906,2,3.0,93053,nein,68,28.2,Galgenberg,28 m²,C,10.7,Privat,Zentralheizung,Einbauküche,42,nein,300,INS-2026-59986,83
"224,00 EUR",False,4. OG,teilmöbliert,6,3,102,09.01.2026,Frauen-WG,1924,2,3.0,93055,nein,39,19.1,Burgweinting,19 m²,B,8.5,Privat,Gasetagenheizung,Pantry,34,nein,201,INS-2026-98393,91
283,True,2. OG,unmöbliert,13,7,42,16.01.2026,Berufstätigen-WG,1984,2,1.5,93055,nein,33,17.2,Ostenviertel,"17,2 qm",A+,6.6,Privat,Fernwärme,Einbauküche,27,ja,191,INS-2026-66482,83
355 warm,False,2. OG,unmöbliert,5,7,58,03.04.2026,gemischt,1968,4,2.5,93049,ja,15,17.1,Großprüfening,"17,1 qm",A,3.7,Makler,Gasetagenheizung,Einbauküche,15,ja,70,INS-2026-25104,112
"249,00 EUR",True,1. OG,unmöbliert,23,4,19,25.06.2026,Studenten-WG,2007,2,2.0,93059,ja,79,14.3,Reinhausen,"14,3 qm",D,4.4,Privat,Zentralheizung,Einbauküche,18,nein,123,INS-2026-33841,67
225,False,4. OG,unmöbliert,25,1,112,18.06.2026,gemischt,1914,4,2.0,93051,ja,62,18.4,Ziegetsdorf,18.4 m2,E,2.9,Privat,Gasetagenheizung,keine,12,nein,156,INS-2026-99766,151
"351,00 EUR",False,4. OG,möbliert,12,2,70,09.05.2026,gemischt,1956,9,3.0,93055,nein,17,23.7,Ostenviertel,24 m²,C,1.6,Makler,Pellet,Einbauküche,7,nein,32,INS-2026-20973,62
317,False,4. OG,teilmöbliert,15,2,95,31.05.2026,Frauen-WG,1931,10,3.0,93053,nein,60,19.8,Galgenberg,"19,8 qm",G,7.0,Privat,Gasetagenheizung,Einbauküche,27,nein,174,INS-2026-69775,79
555 €,True,EG,möbliert,2,4,88,15.01.2026,Frauen-WG,1938,1,1.5,93047,nein,63,16.0,Innenstadt,16 m²,E,1.4,Privat,Zentralheizung,Einbauküche,6,nein,5,INS-2026-58018,134
440 warm,False,1. OG,unmöbliert,18,3,81,04.02.2026,gemischt,1945,10,2.0,93055,ja,51,20.9,Burgweinting,21 m²,H,10.0,Privat,Fernwärme,Pantry,40,ja,47,INS-2026-36732,152
349,True,DG,möbliert,16,1,31,02.06.2026,Frauen-WG,1995,9,2.0,93055,ja,70,20.4,Ostenviertel,20.4 m2,D,8.2,Privat,Zentralheizung,Einbauküche,32,nein,201,INS-2026-73649,135
kalt 560€,True,EG,möbliert,18,6,40,03.05.2026,Männer-WG,1986,2,2.0,93049,ja,46,27.8,Karthaus-Prüll,28 m²,A,4.1,Privat,Gasetagenheizung,Einbauküche,16,nein,40,INS-2026-15147,122
383,True,2. OG,teilmöbliert,8,7,7,11.01.2026,gemischt,2019,3,2.0,93051,nein,25,17.5,Kumpfmühl,"17,5 qm",H,3.7,Privat,Gasetagenheizung,Einbauküche,15,nein,201,INS-2026-98631,90
"186,00 EUR",False,2. OG,unmöbliert,19,5,82,05.02.2026,Studenten-WG,1944,6,1.5,93051,nein,6,16.4,Dechbetten,16.4 m2,E,6.8,Genossenschaft,Gasetagenheizung,Einbauküche,27,nein,172,INS-2026-96482,161
392 €,True,1. OG,teilmöbliert,25,3,105,16.01.2026,Frauen-WG,1921,10,2.0,93047,nein,70,15.0,Innenstadt,"15,0 qm",E,10.7,Makler,Fernwärme,Einbauküche,43,nein,201,INS-2026-17678,121
Kaltmiete: 405 €,True,2. OG,unmöbliert,14,7,65,26.03.2026,gemischt,1961,10,2.0,93051,ja,75,29.0,Dechbetten,"29,0 qm",D,3.3,Makler,Zentralheizung,Pantry,13,nein,91,INS-2026-30147,86
200,False,1. OG,unmöbliert,3,2,53,30.03.2026,Studenten-WG,1973,3,1.0,93049,ja,77,14.5,Großprüfening,14.5 m2,E,8.3,Makler,Öl,Einbauküche,34,nein,62,INS-2026-29939,100
"411,00 EUR",False,4. OG,unmöbliert,6,3,93,30.01.2026,gemischt,1933,1,1.5,93051,nein,22,28.4,Kumpfmühl,28.4 m2,D,5.2,Makler,Nachtspeicher,Pantry,21,nein,61,INS-2026-54635,77
kalt 469€,True,1. OG,teilmöbliert,10,5,33,08.06.2026,Studenten-WG,1993,6,2.5,93049,ja,86,27.4,Karthaus-Prüll,"27,4 qm",C,8.0,Privat,Fernwärme,Einbauküche,32,ja,231,INS-2026-83005,109
222,False,1. OG,unmöbliert,15,3,93,11.01.2026,Studenten-WG,1933,9,2.0,93051,nein,34,18.8,Königswiesen,18.8 m2,B,9.7,Privat,Nachtspeicher,Pantry,39,ja,83,INS-2026-61282,98
408 warm,True,2. OG,möbliert,11,1,110,24.06.2026,gemischt,1916,1,2.5,93059,ja,15,13.7,Reinhausen,14 m²,F,1.4,Privat,Nachtspeicher,Einbauküche,6,ja,101,INS-2026-36904,125
473 warm,True,1. OG,teilmöbliert,17,6,102,28.05.2026,Studenten-WG,1924,6,2.0,93049,ja,79,19.7,Großprüfening,"19,7 qm",F,1.2,Genossenschaft,Zentralheizung,Einbauküche,5,nein,20,INS-2026-60867,92
553 warm,True,3. OG,möbliert,12,7,33,16.06.2026,Frauen-WG,1993,1,1.0,93049,ja,87,16.2,Westenviertel,"16,2 qm",C,3.1,Privat,Gasetagenheizung,Einbauküche,11,ja,19,INS-2026-81741,87
770,True,2. OG,teilmöbliert,17,2,92,14.04.2026,gemischt,1934,2,2.0,93059,nein,21,31.2,Stadtamhof,"31,2 qm",D,4.5,Makler,Zentralheizung,Einbauküche,17,ja,103,INS-2026-71289,98
235 €,True,Souterrain,unmöbliert,21,6,97,10.05.2026,gemischt,1929,9,1.0,93049,ja,31,15.7,Großprüfening,16 m²,F,6.6,Privat,Öl,Pantry,26,ja,233,INS-2026-62652,81
333,True,2. OG,möbliert,20,7,99,15.05.2026,gemischt,1927,1,1.0,93051,ja,74,18.4,Ziegetsdorf,18 m²,E,11.4,Privat,Zentralheizung,Einbauküche,45,ja,29,INS-2026-63743,156
263,False,3. OG,teilmöbliert,2,7,92,11.03.2026,gemischt,1934,4,1.5,93053,nein,56,13.8,Galgenberg,13.8 m2,D,8.1,Genossenschaft,Öl,keine,33,nein,262,INS-2026-73600,159
"328,00 EUR",True,EG,unmöbliert,25,2,120,19.04.2026,Männer-WG,1906,5,1.5,93053,ja,48,16.3,Kasernenviertel,"16,3 qm",G,6.8,Makler,Öl,Einbauküche,28,nein,281,INS-2026-77554,75
291 €,True,EG,möbliert,22,2,12,19.03.2026,Studenten-WG,2014,6,3.0,93049,ja,40,15.3,Westenviertel,15 m²,F,5.9,Privat,Fernwärme,Einbauküche,23,ja,292,INS-2026-45192,105
"451,00 EUR",True,1. OG,teilmöbliert,5,7,75,20.06.2026,Studenten-WG,1951,8,3.0,93053,ja,32,21.6,Kasernenviertel,22 m²,E,3.0,Genossenschaft,Zentralheizung,Pantry,12,nein,26,INS-2026-51171,114
491,True,3. OG,möbliert,19,5,101,16.03.2026,Studenten-WG,1925,5,3.0,93053,ja,59,21.8,Galgenberg,"21,8 qm",D,4.7,Privat,Fernwärme,Einbauküche,18,nein,9,INS-2026-54085,59
836 warm,True,1. OG,teilmöbliert,16,5,40,03.04.2026,gemischt,1986,10,1.0,93047,ja,68,26.2,Innenstadt,"26,2 qm",B,2.3,Privat,Gasetagenheizung,Einbauküche,10,nein,185,INS-2026-49201,52
"840,00 EUR",True,3. OG,unmöbliert,4,5,121,07.03.2026,gemischt,1905,9,2.0,93047,nein,8,30.9,Innenstadt,31 m²,D,1.8,Makler,Gasetagenheizung,Einbauküche,7,nein,0,INS-2026-94441,67
Kaltmiete: 426 €,True,EG,unmöbliert,2,3,6,18.06.2026,gemischt,2020,10,1.0,93051,ja,16,19.1,Kumpfmühl,19.1 m2,A,10.0,Makler,Gasetagenheizung,Pantry,39,nein,119,INS-2026-80116,94
388,True,3. OG,möbliert,5,1,35,30.03.2026,Studenten-WG,1991,1,3.0,93053,ja,84,19.1,Kasernenviertel,19.1 m2,D,2.5,Privat,Öl,Einbauküche,10,nein,62,INS-2026-33841,162
428 warm,False,EG,unmöbliert,17,2,60,16.05.2026,gemischt,1966,8,2.0,93055,ja,61,23.7,Burgweinting,23.7 m2,G,5.1,Privat,Zentralheizung,Einbauküche,20,ja,168,INS-2026-29166,107
367 €,True,1. OG,teilmöbliert,15,1,122,06.05.2026,gemischt,1904,5,2.0,93049,ja,3,18.1,Westenviertel,18 m²,D,3.5,Genossenschaft,Zentralheizung,keine,14,ja,121,INS-2026-51580,77
308,False,2. OG,unmöbliert,6,7,42,01.05.2026,Studenten-WG,1984,5,1.5,93049,ja,26,17.7,Westenviertel,"17,7 qm",C,6.7,Privat,Gasetagenheizung,Pantry,27,nein,241,INS-2026-18291,130
436 warm,False,3. OG,teilmöbliert,12,5,108,15.04.2026,Studenten-WG,1918,9,2.5,93053,ja,88,14.2,Galgenberg,14 m²,D,7.3,Privat,Öl,Einbauküche,29,ja,120,INS-2026-61110,161
431 €,True,3. OG,möbliert,21,2,43,08.06.2026,gemischt,1983,4,2.5,93049,ja,49,23.8,Westenviertel,24 m²,B,7.6,Makler,Gasetagenheizung,Einbauküche,29,ja,238,INS-2026-48412,106
kalt 408€,True,1. OG,teilmöbliert,20,1,8,21.02.2026,Studenten-WG,2018,4,2.0,93051,ja,29,15.9,Kumpfmühl,16 m²,A,6.0,Privat,Fernwärme,Einbauküche,24,nein,167,INS-2026-92141,46
404,False,4. OG,teilmöbliert,19,4,123,02.05.2026,gemischt,1903,3,3.0,93049,nein,72,26.1,Westenviertel,26.1 m2,E,7.0,Makler,Zentralheizung,Einbauküche,28,nein,34,INS-2026-89050,128
309,False,DG,teilmöbliert,16,1,49,24.04.2026,Studenten-WG,1977,2,2.0,93051,nein,88,28.0,Ziegetsdorf,28 m²,A+,4.9,Privat,Gasetagenheizung,Einbauküche,19,nein,48,INS-2026-40043,71
300,True,DG,unmöbliert,25,2,106,11.01.2026,gemischt,1920,2,1.5,93053,nein,15,11.7,Galgenberg,11.7 m2,A,4.9,Privat,Zentralheizung,keine,20,ja,101,INS-2026-63021,110
295 €,True,3. OG,teilmöbliert,15,2,110,18.03.2026,gemischt,1916,1,2.0,93051,ja,56,16.2,Königswiesen,"16,2 qm",D,5.8,Privat,Pellet,Einbauküche,23,ja,241,INS-2026-11577,105
Kaltmiete: 190 €,False,EG,unmöbliert,22,2,125,14.01.2026,Studenten-WG,1901,5,2.5,93051,nein,52,12.9,Königswiesen,13 m²,C,9.6,Privat,Pellet,keine,37,nein,104,INS-2026-49328,98
kalt 494€,True,2. OG,unmöbliert,6,5,17,04.06.2026,Männer-WG,2009,10,3.0,93055,ja,25,32.8,Burgweinting,32.8 m2,B,1.3,Makler,Zentralheizung,Pantry,5,nein,130,INS-2026-68095,69
638,True,EG,möbliert,7,6,17,20.02.2026,Studenten-WG,2009,3,2.0,93047,ja,76,22.4,Innenstadt,"22,4 qm",D,1.7,Privat,Öl,Einbauküche,6,ja,70,INS-2026-70399,110
370 warm,False,DG,unmöbliert,5,1,76,03.02.2026,gemischt,1950,7,2.0,93051,ja,25,17.7,Dechbetten,18 m²,G,1.5,Privat,Fernwärme,Pantry,6,nein,193,INS-2026-46793,179
438,True,4. OG,möbliert,19,6,59,01.03.2026,Frauen-WG,1967,5,1.0,93053,nein,90,20.9,Galgenberg,"20,9 qm",D,2.6,Privat,Nachtspeicher,Pantry,10,nein,15,INS-2026-37688,100
577 warm,False,EG,unmöbliert,23,7,92,22.05.2026,Frauen-WG,1934,7,2.0,93053,nein,72,23.5,Galgenberg,23.5 m2,A,4.0,Makler,Zentralheizung,keine,15,nein,266,INS-2026-42113,100
334 kalt,False,2. OG,unmöbliert,23,3,41,30.01.2026,Frauen-WG,1985,8,1.0,93059,nein,87,22.6,Reinhausen,23 m²,C,4.2,Privat,Gasetagenheizung,Pantry,17,nein,83,INS-2026-57729,113
484 warm,False,EG,unmöbliert,7,7,48,28.04.2026,gemischt,1978,10,3.0,93047,nein,44,18.0,Innenstadt,18.0 m2,C,4.6,Makler,Gasetagenheizung,Einbauküche,18,nein,36,INS-2026-47581,130
315 warm,False,1. OG,teilmöbliert,10,1,62,03.06.2026,Studenten-WG,1964,9,2.0,93055,nein,22,17.9,Burgweinting,18 m²,H,7.7,Privat,Zentralheizung,keine,30,nein,194,INS-2026-16497,94
321 €,False,3. OG,unmöbliert,18,7,65,06.01.2026,gemischt,1961,10,2.0,93051,ja,2,18.2,Kumpfmühl,18 m²,F,2.0,Makler,Zentralheizung,Pantry,8,nein,121,INS-2026-72713,83
"308,00 EUR",False,3. OG,unmöbliert,8,4,103,05.05.2026,gemischt,1923,7,3.0,93051,ja,58,20.6,Kumpfmühl,"20,6 qm",H,6.4,Privat,Nachtspeicher,Einbauküche,25,nein,107,INS-2026-63689,70
382 warm,False,2. OG,unmöbliert,25,3,59,17.06.2026,Studenten-WG,1967,10,2.0,93055,ja,90,19.4,Ostenviertel,"19,4 qm",E,6.3,Makler,Zentralheizung,Einbauküche,25,nein,86,INS-2026-73265,113
503,True,3. OG,teilmöbliert,4,5,83,18.04.2026,Frauen-WG,1943,2,2.5,93051,nein,6,26.6,Kumpfmühl,"26,6 qm",F,2.7,Makler,Öl,Pantry,11,ja,251,INS-2026-59498,78
Kaltmiete: 383 €,False,2. OG,unmöbliert,23,5,79,06.06.2026,gemischt,1947,4,3.0,93053,nein,72,21.7,Galgenberg,"21,7 qm",F,4.2,Privat,Gasetagenheizung,keine,17,ja,210,INS-2026-65981,76
257,False,3. OG,möbliert,3,5,52,26.01.2026,gemischt,1974,7,3.0,93049,nein,21,16.7,Karthaus-Prüll,"16,7 qm",G,2.3,Privat,Öl,Pantry,10,nein,275,INS-2026-94494,115
273 kalt,False,DG,unmöbliert,19,1,116,09.01.2026,Männer-WG,1910,5,1.0,93051,nein,17,16.2,Kumpfmühl,16.2 m2,F,7.9,Privat,Gasetagenheizung,Einbauküche,32,nein,222,INS-2026-23820,152
"504,00 EUR",True,EG,möbliert,17,5,72,11.02.2026,Studenten-WG,1954,8,1.0,93051,nein,21,25.2,Kumpfmühl,25 m²,B,11.1,Privat,Gasetagenheizung,Einbauküche,45,nein,62,INS-2026-94515,129
"449,00 EUR",True,1. OG,möbliert,4,3,101,02.05.2026,Studenten-WG,1925,6,2.5,93051,nein,72,22.1,Kumpfmühl,"22,1 qm",F,1.8,Privat,Nachtspeicher,keine,7,nein,16,INS-2026-22811,110
284 €,False,EG,unmöbliert,17,4,92,07.02.2026,Studenten-WG,1934,4,2.0,93051,nein,28,18.6,Königswiesen,18.6 m2,E,9.0,Privat,Öl,Einbauküche,37,nein,207,INS-2026-48561,109
607 €,True,EG,möbliert,2,6,23,11.01.2026,Frauen-WG,2003,8,2.5,93053,nein,19,29.6,Galgenberg,30 m²,F,8.2,Makler,Zentralheizung,Einbauküche,33,nein,5,INS-2026-72909,62
243,False,3. OG,unmöbliert,21,1,66,10.02.2026,Studenten-WG,1960,4,1.0,93055,nein,8,16.5,Ostenviertel,16 m²,F,10.8,Makler,Fernwärme,Pantry,43,ja,59,INS-2026-37570,94
445,True,3. OG,teilmöbliert,13,6,60,18.03.2026,Studenten-WG,1966,9,2.0,93055,ja,19,29.8,Burgweinting,"29,8 qm",B,4.4,Makler,Zentralheizung,Einbauküche,18,nein,264,INS-2026-95508,111
378 warm,False,3. OG,möbliert,4,6,21,09.03.2026,gemischt,2005,8,3.0,93059,nein,8,19.0,Reinhausen,"19,0 qm",A,11.2,Privat,Zentralheizung,Pantry,45,ja,256,INS-2026-50070,75
332 €,False,Souterrain,möbliert,14,1,18,15.04.2026,Studenten-WG,2008,1,1.5,93047,nein,75,15.4,Innenstadt,15 m²,C,9.3,Privat,Gasetagenheizung,keine,37,nein,171,INS-2026-86499,74
449 warm,False,4. OG,teilmöbliert,18,5,22,08.03.2026,gemischt,2004,5,2.0,93051,nein,24,18.5,Kumpfmühl,"18,5 qm",B,4.5,Privat,Gasetagenheizung,Pantry,19,nein,249,INS-2026-24799,114
"327,00 EUR",False,1. OG,unmöbliert,21,6,78,07.02.2026,gemischt,1948,2,2.0,93055,ja,47,24.9,Burgweinting,24.9 m2,D,10.3,Privat,Nachtspeicher,Pantry,41,nein,259,INS-2026-90103,103
290,True,1. OG,möbliert,12,1,11,21.03.2026,gemischt,2015,1,3.0,93049,ja,39,14.0,Karthaus-Prüll,"14,0 qm",F,11.2,Privat,Fernwärme,Einbauküche,45,nein,94,INS-2026-18185,150
530,False,3. OG,unmöbliert,6,6,28,20.03.2026,gemischt,1998,1,1.0,93051,ja,29,28.3,Kumpfmühl,"28,3 qm",H,8.1,Privat,Zentralheizung,Einbauküche,33,nein,6,INS-2026-66304,176
Kaltmiete: 305 €,False,4. OG,unmöbliert,12,5,54,26.06.2026,Studenten-WG,1972,5,2.0,93049,nein,67,19.4,Westenviertel,19 m²,D,2.7,Privat,Zentralheizung,Einbauküche,11,nein,172,INS-2026-31737,148
326,False,4. OG,teilmöbliert,4,7,74,17.06.2026,Männer-WG,1952,1,2.0,93047,nein,74,14.1,Innenstadt,14 m²,B,10.8,Privat,Zentralheizung,Einbauküche,44,ja,294,INS-2026-24228,133
371 €,True,DG,möbliert,10,4,23,01.06.2026,gemischt,2003,9,2.5,93055,ja,79,17.9,Ostenviertel,17.9 m2,F,7.8,Privat,Gasetagenheizung,Einbauküche,31,ja,146,INS-2026-33925,79
284,False,3. OG,teilmöbliert,24,5,30,09.03.2026,Berufstätigen-WG,1996,8,2.0,93049,nein,88,25.6,Großprüfening,25.6 m2,A+,9.6,Privat,Nachtspeicher,Pantry,39,nein,234,INS-2026-38990,85
